menu_id,name,provider_id,position
1000000,New Arrival (新品上线),1000069,1
1000001,Top List (热销排行榜),1000069,1
1000002,Grass Jelly (书亦-烧仙草),1000069,1
1000003,"""All Out Blitz"" Burger Pit",1000092,1
1000004,Zone Specialty Pizzas,1000092,1
1000005,Snacks,1000033,1
1000006,Starters,1000092,1
1000007,"Zone ""Piz-za-Ria!"" Bella!",1000092,1
1000008,"""Flame Broiled"" Steaks",1000092,1
1000009,Chicken & Rib Combo,1000092,1
1000010,"""Kick-Off"" Soups & Salads",1000092,1
1000011,"""Two Handed"" Hoagie Melts",1000092,1
1000012,Super Save Combo (超值优惠套餐),1000069,1
1000013,Picked for you,1000085,1
1000014,Mains,1000085,1
1000015,Smoothie,1000085,1
1000016,Specialty Milk Teas,1000085,1
1000017,Yogurty (Sugar option not available),1000085,1
1000018,"Real Tea Lovers, Single Brew Tea Drinks",1000085,1
1000019,Snacks,1000085,1
1000020,Desserts,1000085,1
1000021,BRGRS,1000033,1
1000022,Kids Roster,1000092,1
1000023,Other Items,1000072,1
1000024,And More...,1000042,1
1000025,Other Items,1000022,1
1000026,Breakfast Sandwiches and Burritos,1000048,1
1000027,Desserts,1000061,1
1000028,Picked for you,1000069,1
1000029,Fresh Yogurt & Yakult (书亦－酸奶益菌多系列),1000069,1
1000030,Other Items,1000020,1
1000031,Everyday Essentials,1000035,1
1000032,Cold Drinks,1000047,1
1000033,Cold Drinks,1000048,1
1000034,"Ribs, Meat & Trays",1000090,1
1000035,Seafood Combos and Platters,1000061,1
1000036,Sides and Dips,1000062,1
1000037,Chicken,1000039,1
1000038,Wings,1000061,1
1000039,Great Canadian Steak Event,1000051,1
1000040,100% Canadian Steaks,1000051,1
1000041,Groceries,1000000,1
1000042,Drinks,1000022,1
1000043,Drinks,1000072,1
1000044,Oil & Vinegar,1000089,1
1000045,Picked for you,1000060,1
1000046,PHO - BEEF RICE NOODLE SOUP,1000060,1
1000047,Noodle with Soup 汤面,1000055,1
1000048,Chicken,1000088,1
1000049,Hand Pulled Ramen 招牌手工拉面,1000037,1
1000050,Picked for you,1000037,1
1000051,Signature Sides,1000061,1
1000052,Dairy & Eggs,1000005,1
1000053,Bakery,1000048,1
1000054,Sliced Noodles 山西刀削面,1000037,1
1000055,NEW! Smoothies,1000028,1
1000056,Rice 米饭,1000037,1
1000057,Soup (汤),1000060,1
1000058,Rice Noodles 金汤云南过桥米线,1000037,1
1000059,Ramen /Rice (拉面/米线),1000060,1
1000060,Snack 小点,1000037,1
1000061,Appetizer 凉菜,1000037,1
1000062,Chicken & Fish Meals,1000013,1
1000063,Chicken & Fish,1000013,1
1000064,BBQ Skewer Meat 炭火烧烤肉类,1000037,1
1000065,Bites,1000046,1
1000066,BBQ Skewer Vegetable 炭火烧烤素食类,1000037,1
1000067,BBQ Skewer Seafood 炭火烧烤海鲜类,1000037,1
1000068,Bakery,1000047,1
1000069,Chocolates1,1000020,1
1000070,Specialty Items,1000012,1
1000071,Individual Items,1000048,1
1000072,Combos,1000012,1
1000073,"Bundles, Deals, and Combos",1000022,1
1000074,Today's Offers,1000023,1
1000075,Baking Mixes,1000046,1
1000076,Mains,1000039,1
1000077,Additionals,1000023,1
1000078,"Bundles, Deals, and Combos",1000072,1
1000079,Bakery,1000049,1
1000080,Cold Beverages,1000013,1
1000081,Picked for you,1000035,1
1000082,Dairy,1000035,1
1000083,School & Office Supplies,1000005,1
1000084,The Grill on Rice (烤肉饭),1000060,1
1000085,Sauce Cold Noodle 拌面,1000055,1
1000086,The Wok on Rice (小炒碟头饭),1000060,1
1000087,Spicy Curry on Rice (咖喱饭),1000060,1
1000088,Vermicelli BOWLS (檬),1000060,1
1000089,Chocolates,1000022,1
1000090,Beverages,1000044,1
1000091,Poutines,1000033,1
1000092,Meals & Bites,1000000,1
1000093,Picked for you,1000080,1
1000094,All-day Breakfasts,1000080,1
1000095,Shisha Flavor & Charcoal,1000079,1
1000096,Sweets & Treats,1000000,1
1000097,Combos,1000102,1
1000098,Poulet et wraps / Chicken and Wraps,1000102,1
1000099,Stir-Fried Noodle 炒面,1000055,1
1000100,Picked for you,1000055,1
1000101,Sandwiches & More,1000097,1
1000102,Picked for you,1000041,1
1000103,Juices,1000035,1
1000104,Fresh Retail,1000027,1
1000105,Add-Ons,1000027,1
1000106,Milk Tea Series,1000030,1
1000107,Home & Pet,1000000,1
1000108,Picked for you,1000088,1
1000109,Beer,1000051,1
1000110,Drinks,1000051,1
1000111,Drinks,1000039,1
1000112,Beer,1000039,1
1000113,Hard Sodas,1000039,1
1000114,Wine,1000039,1
1000115,Cocktails To Go,1000039,1
1000116,Soft Drinks,1000093,1
1000117,"Cakes 4""",1000081,1
1000118,Sandwiches & More,1000098,1
1000119,Spicy Curry Dishes (驰名咖喱）,1000060,1
1000120,Chicken (鸡),1000060,1
1000121,Beef and Pork (牛/猪),1000060,1
1000122,Salad (沙律),1000060,1
1000123,Seafood (海鲜),1000060,1
1000124,Fish (鱼),1000060,1
1000125,Fried Noodle (时菜鸡肉炒面),1000060,1
1000126,Fried Rice (炒饭),1000060,1
1000127,Gum,1000079,1
1000128,Candy & Chocolate,1000005,1
1000129,Energy Drinks,1000079,1
1000130,Self Care,1000000,1
1000131,Picked for you,1000102,1
1000132,Menu Choix de qualité / Quality Choices Menu,1000102,1
1000133,Appetizers (头盘),1000060,1
1000134,Traditional Chinese Special Snack 传统风味小吃,1000055,1
1000135,Pastry 面点,1000055,1
1000136,Picked for you,1000046,1
1000137,Cookies,1000046,1
1000138,Stationery,1000022,1
1000139,Scones,1000046,1
1000140,Appetizers,1000064,1
1000141,"Cakes 6""",1000081,1
1000142,6-Inch Combos,1000077,1
1000143,6-Inch Subs,1000077,1
1000144,Veges & Tofu (蔬菜/豆腐),1000060,1
1000145,BBQ 烧烤,1000055,1
1000146,Picked for you,1000021,1
1000147,Traditional Breakfast,1000021,1
1000148,Beverages,1000000,1
1000149,Drinks,1000009,1
1000150,Beverage with Gas,1000014,1
1000151,Drinks1,1000020,1
1000152,Chips & Snacks,1000000,1
1000153,Beverages,1000043,1
1000154,Soft Drinks,1000038,1
1000155,Congee (粥),1000060,1
1000156,Beverage 饮料,1000055,1
1000157,Sides,1000013,1
1000158,Limited Time Offers (PM),1000013,1
1000159,"Cakes 9""",1000081,1
1000160,Sides,1000080,1
1000161,Brownies,1000046,1
1000162,Main Course,1000025,1
1000163,Picked for you,1000025,1
1000164,Appetizer,1000024,1
1000165,Dim Sum ALL DAY,1000060,1
1000166,Appetizer,1000006,1
1000167,Appetizers,1000066,1
1000168,Picked for you,1000066,1
1000169,Kitchen and Bathroom,1000079,1
1000170,Speciality Dishes,1000001,1
1000171,Cereal & Breakfast1,1000020,1
1000172,Other Items1,1000020,1
1000173,Steaks and Combos,1000008,1
1000174,Sides,1000040,1
1000175,Smoothies,1000036,1
1000176,Waffle Time,1000036,1
1000177,Picked for you,1000036,1
1000178,Smoothie Bowls,1000036,1
1000179,Mains,1000020,1
1000180,Grocery,1000072,1
1000181,A Helping Hand,1000022,1
1000182,Cooked Chicken,1000100,1
1000183,Tandoori Khazana,1000010,1
1000184,Extras,1000093,1
1000185,Sides,1000034,1
1000186,Sides,1000084,1
1000187,Medicine/Tylenol/Advil,1000079,1
1000188,Health Essentials,1000072,1
1000189,Pharmacy,1000005,1
1000190,Grocery,1000035,1
1000191,Chocolates,1000020,1
1000192,Chocolates,1000072,1
1000193,Picked for you,1000015,1
1000194,African Soups,1000015,1
1000195,Appetizers,1000002,1
1000196,Bake a Cake / Brownie,1000022,1
1000197,Cookies/Crackers & Munchies1,1000020,1
1000198,Gum & Mints1,1000020,1
1000199,Candy1,1000020,1
1000200,Gum / Mints,1000022,1
1000201,House Hold & Cleaning,1000005,1
1000202,Sushi Combos,1000002,1
1000203,Ajio Special,1000002,1
1000204,Burrito Bowls,1000004,1
1000205,Burritos (comes with side of tortilla chips),1000004,1
1000206,Soft Tacos (3 per order) Warning! Tacos do not show up piping hot!!!,1000004,1
1000207,Wrap Cruncho Supremos (comes with side of tortilla chips),1000004,1
1000208,Special Rolls,1000002,1
1000209,Salads and Bowls,1000039,1
1000210,Picked for you,1000007,1
1000211,Main Choices,1000007,1
1000212,Deli & Prepared Meals,1000005,1
1000213,Power Shakes & Smoothies,1000027,1
1000214,Grocery,1000079,1
1000215,Salads,1000027,1
1000216,Candy,1000020,1
1000217,Candy,1000072,1
1000218,Candy,1000022,1
1000219,Condiments,1000005,1
1000220,Juice and Ice Tea,1000079,1
1000221,Drinks,1000020,1
1000222,Feeds,1000022,1
1000223,Signature Milk Tea (Contains Milk),1000065,1
1000224,Sherbet (Contains Milk),1000065,1
1000225,Vegetarian Specialties,1000010,1
1000226,Vegetarian Entrees,1000038,1
1000227,Breads,1000010,1
1000228,Breads,1000050,1
1000229,Hot Appetizers,1000010,1
1000230,Hot Appetizers,1000050,1
1000231,Spud's Poutine Shack,1000092,1
1000232,Pets,1000005,1
1000233,Frozen Food,1000035,1
1000234,Personel Care,1000022,1
1000235,Body Care Products,1000079,1
1000236,Health and Beauty,1000005,1
1000237,Specialty Flatbreads,1000017,1
1000238,Picked for you,1000093,1
1000239,Pub Fare,1000093,1
1000240,All Day Breakfast,1000104,1
1000241,Hot Drinks,1000056,1
1000242,Coffee & Drink,1000036,1
1000243,Coffee & Espresso Drinks,1000067,1
1000244,Hot Beverages,1000097,1
1000245,Hot Beverages,1000098,1
1000246,Hot Beverages,1000103,1
1000247,Picked for you,1000004,1
1000248,Alcoholic Beverages,1000004,1
1000249,Alcoholic Beverages,1000094,1
1000250,Alcoholic Beverages,1000053,1
1000251,Signature Soldiers,1000023,1
1000252,Sides,1000039,1
1000253,Picked for you,1000034,1
1000254,Burger Combos,1000034,1
1000255,A la Carte,1000034,1
1000256,Burgers and Handhelds,1000093,1
1000257,Cereal and Breakfast Foods,1000072,1
1000258,Cereal and Breakfast Foods,1000022,1
1000259,Cereal and Breakfast Foods,1000020,1
1000260,Juices & Cleanses,1000028,1
1000261,Gourmet Burgers,1000094,1
1000262,Vegetables and Fruits,1000079,1
1000263,NEW! Vitamins,1000028,1
1000264,Dessert,1000090,1
1000265,Crepes,1000029,1
1000266,Baked Goods,1000097,1
1000267,Baked Goods,1000098,1
1000268,Fresh Juice,1000012,1
1000269,Picked for you,1000043,1
1000270,Fresh Juice,1000065,1
1000271,Cold Beverages,1000097,1
1000272,Cold Beverages,1000098,1
1000273,Twists,1000018,1
1000274,Forks and Knives,1000051,1
1000275,Desserts,1000104,1
1000276,Fresh Fruits & Vegetables,1000005,1
1000277,Snacks & Sides,1000047,1
1000278,Snacks & Sides,1000048,1
1000279,Desserts,1000013,1
1000280,Desserts,1000044,1
1000281,Desserts,1000099,1
1000282,Beverages,1000042,1
1000283,Lunch,1000075,1
1000284,Loaves,1000018,1
1000285,Water,1000079,1
1000286,Natural & Sparking waters,1000035,1
1000287,Beverage,1000077,1
1000288,Hot Coffee,1000049,1
1000289,Tea Drinks,1000014,1
1000290,Ciders and Coolers,1000088,1
1000291,Beverages,1000079,1
1000292,Drink 饮料,1000037,1
1000293,Picked for you,1000022,1
1000294,Starters,1000091,1
1000295,Salad,1000007,1
1000296,Salad Boxes,1000070,1
1000297,Desserts,1000063,1
1000298,Fresh Bakery,1000027,1
1000299,Assorted Maza,1000052,1
1000300,Sushi & Sashimi Combo,1000024,1
1000301,Picked for you,1000099,1
1000302,"12"" Subs Combo",1000099,1
1000303,Korean and Chinese Dishes,1000002,1
1000304,Dairy Products and Meat,1000079,1
1000305,Frozen Groceries,1000089,1
1000306,Party Tray,1000006,1
1000307,Cereals & Breakfast,1000005,1
1000308,New Dishes 新品,1000086,1
1000309,Cell Phone Cabl Charge and other Cabl,1000079,1
1000310,Meal Size,1000071,1
1000311,Handrolls,1000024,1
1000312,OKO Sandwiches,1000056,1
1000313,Sushi Pizzas,1000073,1
1000314,Sushi Rolls,1000073,1
1000315,Maki or Hand Rolls,1000002,1
1000316,Soups and Salads,1000002,1
1000317,Soups and Salads,1000073,1
1000318,Real Fruit Smoothie (Contains Milk),1000065,1
1000319,Smoothies,1000066,1
1000320,Start Your Day At Anytime,1000031,1
1000321,Toasts,1000067,1
1000322,Teasers,1000017,1
1000323,Special Offers,1000079,1
1000324,Side Dishes,1000025,1
1000325,World's Best Burgers,1000096,1
1000326,Sushi Bowls,1000006,1
1000327,Vermicelli,1000066,1
1000328,Picked for you,1000092,1
1000329,Special Teams,1000092,1
1000330,Appetizers,1000073,1
1000331,Hand-helds,1000051,1
1000332,Mains,1000043,1
1000333,Two Handed Sammies,1000039,1
1000334,Grilled Fresh,1000012,1
1000335,Salads,1000088,1
1000336,TOLAGOS DAILY SPECIALS : 54 James St North,1000084,1
1000337,Chicken,1000084,1
1000338,Burgers and Wraps,1000074,1
1000339,Sashimi,1000073,1
1000340,Sushi,1000073,1
1000341,Sauces,1000023,1
1000342,Montana's Market,1000051,1
1000343,Dips,1000053,1
1000344,Dips,1000084,1
1000345,Chef Challenge,1000038,1
1000346,Signature Sauces,1000061,1
1000347,Veggie & Salads,1000013,1
1000348,Sandwiches,1000103,1
1000349,Sandwich,1000021,1
1000350,The Classics,1000056,1
1000351,Sandwiches,1000074,1
1000352,Handheld Delights,1000105,1
1000353,Add a Dip,1000033,1
1000354,Blowtorch Pressed Sushi,1000024,1
1000355,Appetizers,1000052,1
1000356,Vegetarian Sandwiches,1000052,1
1000357,Appetizers,1000042,1
1000358,Seared Chicken Sandwiches,1000088,1
1000359,Breakfast,1000103,1
1000360,Flame Grilled Meals,1000013,1
1000361,Flame-Grilled Burgers,1000013,1
1000362,Hot Breakfast,1000075,1
1000363,Most Popular,1000047,1
1000364,Breakfast Sandwiches and Burritos,1000047,1
1000365,Most Popular,1000048,1
1000366,Individual Items,1000047,1
1000367,Breakfast Side,1000104,1
1000368,Sides-Add Ons,1000029,1
1000369,Burly Burgers,1000039,1
1000370,Fries & Sides / Frites et à-côtés,1000102,1
1000371,Picked for you,1000071,1
1000372,Burgers,1000088,1
1000373,Hamburgers,1000102,1
1000374,Picked for you,1000016,1
1000375,Soup & Salads,1000076,1
1000376,Breakfast,1000067,1
1000377,Breakfast Sandwiches,1000080,1
1000378,Omelettes,1000021,1
1000379,Beverages,1000005,1
1000380,"Cookies, Crackers, and Munchies",1000022,1
1000381,Bagels,1000056,1
1000382,Breakfast,1000049,1
1000383,Bowls,1000028,1
1000384,Picked for you,1000031,1
1000385,Fresh Bowls,1000031,1
1000386,Picked for you,1000076,1
1000387,Snack & Share,1000076,1
1000388,Burritos,1000028,1
1000389,Picked for you,1000017,1
1000390,Side & Add Ons,1000051,1
1000391,Bedrock Pasta,1000008,1
1000392,Chips,1000020,1
1000393,Chips1,1000020,1
1000394,Desserts,1000057,1
1000395,Picked for you,1000042,1
1000396,Desserts,1000042,1
1000397,Dessert,1000062,1
1000398,Desserts and Beverages,1000064,1
1000399,Picked for you,1000027,1
1000400,Fresh Bowls,1000027,1
1000401,Waffles,1000103,1
1000402,Bakery,1000075,1
1000403,Pancakes Light and Fluffy,1000029,1
1000404,Sushi Bar Specials,1000073,1
1000405,High Protein Smoothies,1000012,1
1000406,Energy Drink,1000014,1
1000407,British Fare,1000105,1
1000408,Picked for you,1000081,1
1000409,Pints,1000081,1
1000410,Pimped Out Cheesecake,1000081,1
1000411,Milkshakes,1000081,1
1000412,Sliders,1000081,1
1000413,Loaded Fries,1000087,1
1000414,Sunset Burgers,1000080,1
1000415,From The Grill,1000008,1
1000416,Beverages,1000064,1
1000417,Chips & Snacks,1000035,1
1000418,Burgers and More,1000008,1
1000419,The Wok,1000073,1
1000420,Sides,1000105,1
1000421,Starters,1000007,1
1000422,Bag Food,1000089,1
1000423,Burgers,1000007,1
1000424,Canned Beers,1000043,1
1000425,Condiments,1000047,1
1000426,Manakish,1000017,1
1000427,Favourites,1000026,1
1000428,"Wings, Meat & Trays",1000091,1
1000429,Signature Items,1000091,1
1000430,Picked for you,1000002,1
1000431,Picked for you,1000044,1
1000432,Burgers,1000044,1
1000433,Beef Specialities,1000038,1
1000434,Fried Rice and Udon,1000073,1
1000435,Noodle Dishes,1000070,1
1000436,Platters,1000057,1
1000437,Wraps,1000057,1
1000438,Noodles,1000002,1
1000439,Starters,1000088,1
1000440,Signature Creations ON THE ROCKS™,1000057,1
1000441,Signature Creations ON THE STIX™,1000057,1
1000442,Signature Creations ON THE VEGGIES,1000057,1
1000443,Pressed Sushi,1000006,1
1000444,Food,1000009,1
1000445,"Frozen Food, Pizza, and Fries",1000079,1
1000446,Dinner Platter for One,1000010,1
1000447,Rice Bowl 美味盖饭,1000086,1
1000448,Rice,1000042,1
1000449,Salads,1000057,1
1000450,On the Poutine,1000057,1
1000451,On the Poutine,1000058,1
1000452,Lunch Sandwiches,1000064,1
1000453,Wraps,1000042,1
1000454,Picked for you,1000000,1
1000455,Sashimi A La Carte,1000006,1
1000456,"Soup, Congee and Steamed Rice 汤，粥和白米饭",1000086,1
1000457,Beef Hakka Chinese,1000038,1
1000458,Eat Your Greens,1000033,1
1000459,Dog Food,1000079,1
1000460,"Pancakes, Waffles, and French Toast",1000078,1
1000461,Ice Creams,1000000,1
1000462,Ice Cream,1000082,1
1000463,Ice Cream & Dessert,1000005,1
1000464,Ice Creams,1000020,1
1000465,Picked for you,1000020,1
1000466,Ice Creams,1000022,1
1000467,Ice Cream,1000079,1
1000468,Beer Cans/Bottles,1000088,1
1000469,Picked for you,1000074,1
1000470,Hashes,1000074,1
1000471,Pet,1000035,1
1000472,Combination Bento,1000002,1
1000473,Picked for you,1000086,1
1000474,Spirit Smoothies,1000012,1
1000475,Bake a Cake and Brownie,1000020,1
1000476,Bake a Cake and Brownie,1000072,1
1000477,Pantry,1000005,1
1000478,Picked for you,1000079,1
1000479,Platters,1000058,1
1000480,Cold Appetizers,1000010,1
1000481,Vegetarian Dishes,1000100,1
1000482,Vegetarian Specialties,1000050,1
1000483,Non-Vegetarian Dishes,1000010,1
1000484,Lighters And Butane,1000079,1
1000485,Canned Food,1000005,1
1000486,Outdoor and BBQ Essentials,1000079,1
1000487,Two Handed Sammies,1000104,1
1000488,Goat,1000084,1
1000489,Catering,1000084,1
1000490,Wine & Cocktails,1000051,1
1000491,Signature Items,1000090,1
1000492,Milkshakes,1000096,1
1000493,Pancakes,1000074,1
1000494,Picked for you,1000010,1
1000495,Biryani or Palo Rice,1000010,1
1000496,Burgers & Sandwiches,1000076,1
1000497,Chips Large Size,1000079,1
1000498,Dry Leaf,1000089,1
1000499,Red Wines,1000095,1
1000500,Salad,1000077,1
1000501,Merch,1000067,1
1000502,Japanese Style Omurice日式蛋包饭系列,1000086,1
1000503,Cold Drinks,1000056,1
1000504,Desserts,1000024,1
1000505,Fresh Milk,1000019,1
1000506,Macchiato,1000019,1
1000507,Tonkotsu Ramen,1000040,1
1000508,Alcoholic Beverages,1000090,1
1000509,Cold Drinks,1000075,1
1000510,Waffles,1000074,1
1000511,Sweets & Baked Goods,1000067,1
1000512,Oatmeal & Yogurt,1000075,1
1000513,"French Toast, Pancakes, and Waffles",1000080,1
1000514,Real Fruit Slush,1000065,1
1000515,Spicy Dishes 麻辣系列,1000086,1
1000516,Lamb Entrees,1000038,1
1000517,Chicken Family Box,1000061,1
1000518,Chicken Combos and Platters,1000061,1
1000519,Picked for you,1000061,1
1000520,Chicken Family Meals,1000061,1
1000521,"Famous ""Award-Winning"" Wings",1000092,1
1000522,Sides & Fries,1000071,1
1000523,Desserts,1000029,1
1000524,White Wine,1000076,1
1000525,Drinks,1000061,1
1000526,Drinks,1000023,1
1000527,Drinks,1000028,1
1000528,Beverages,1000082,1
1000529,Cold Drinks,1000080,1
1000530,Drinks,1000057,1
1000531,Drinks,1000106,1
1000532,Soft Drinks,1000001,1
1000533,Beverages,1000033,1
1000534,Beverage,1000034,1
1000535,Beverages,1000081,1
1000536,Laundry,1000005,1
1000537,Sides,1000002,1
1000538,Picked for you,1000101,1
1000539,Lamb,1000101,1
1000540,Picked for you,1000089,1
1000541,Picked for you,1000070,1
1000542,Donburi,1000070,1
1000543,Special Dishes 特色菜,1000086,1
1000544,Superfood Smoothies,1000012,1
1000545,Wings and Things,1000007,1
1000546,Seafood,1000008,1
1000547,Appetizers,1000106,1
1000548,Phez Wings,1000093,1
1000549,Cookies and Crackers,1000079,1
1000550,Picked for you,1000049,1
1000551,Specials!,1000049,1
1000552,Picked for you,1000056,1
1000553,Classic Smoothies,1000012,1
1000554,Drinks (bubble Tea),1000016,1
1000555,Drinks,1000053,1
1000556,Appetizers,1000039,1
1000557,Picked for you,1000008,1
1000558,Exclusive 8,1000030,1
1000559,Moustache Series,1000030,1
1000560,Hot Coffees,1000075,1
1000561,Picked for you,1000030,1
1000562,Dessert,1000103,1
1000563,Milk Tea (书亦－一杯奶茶),1000069,1
1000564,Great Beginnings,1000105,1
1000565,Starters,1000053,1
1000566,Picked for you,1000019,1
1000567,Fresh Tea and JuIce,1000019,1
1000568,Beverages,1000084,1
1000569,The Main Events,1000105,1
1000570,Picked for you,1000028,1
1000571,Boneless Buffalo Bites,1000106,1
1000572,Picked for you,1000106,1
1000573,To Start and Share,1000093,1
1000574,Starters & Shareables,1000027,1
1000575,Picked for you,1000039,1
1000576,Poutines,1000074,1
1000577,Chicken Combos,1000034,1
1000578,Fried Chicken Sandwiches,1000088,1
1000579,Sandwich Combos,1000106,1
1000580,Burgers & Wraps,1000027,1
1000581,Sandwiches,1000106,1
1000582,Chips,1000022,1
1000583,Picked for you,1000090,1
1000584,Build Your Own,1000090,1
1000585,Picked for you,1000091,1
1000586,Build Your Own,1000091,1
1000587,Fresh Bundles,1000027,1
1000588,Kids Mains,1000093,1
1000589,Signature Combos,1000051,1
1000590,Bundles,1000039,1
1000591,Dairy,1000014,1
1000592,Meal Deals,1000028,1
1000593,Meal Kits & Bundles,1000076,1
1000594,Picked for you,1000003,1
1000595,Picked for you,1000026,1
1000596,Picked for you,1000032,1
1000597,Mains,1000032,1
1000598,Picked for you,1000050,1
1000599,Non-vegetable Dishes,1000050,1
1000600,Bowls,1000076,1
1000601,Picked for you,1000100,1
1000602,Snacks & Sweets,1000075,1
1000603,"Naan, Roti, and Rice",1000100,1
1000604,Condiments,1000048,1
1000605,Sashimi,1000024,1
1000606,Sushi A La Carte,1000006,1
1000607,Sides & Salads,1000044,1
1000608,Sides & Salads,1000099,1
1000609,Appetizers,1000094,1
1000610,NEW! Soups,1000028,1
1000611,Lunches,1000074,1
1000612,Drinks,1000025,1
1000613,Picked for you,1000024,1
1000614,Sushi and Sashimi Combo,1000006,1
1000615,Rice Plate,1000066,1
1000616,Beverages,1000073,1
1000617,Canned Cocktails,1000043,1
1000618,Confectionery,1000035,1
1000619,Chocolates,1000079,1
1000620,Chocolate,1000014,1
1000621,Bread & Bakery,1000005,1
1000622,Soups and Salads,1000052,1
1000623,Salads,1000104,1
1000624,Salads,1000062,1
1000625,Sides,1000076,1
1000626,Salad,1000090,1
1000627,Salads & Chicken,1000094,1
1000628,Salads and Bowls,1000103,1
1000629,Salad,1000106,1
1000630,Salads,1000042,1
1000631,Hot Beverages,1000031,1
1000632,Steak and Seafood,1000052,1
1000633,Frappuccino® Blended Beverages,1000075,1
1000634,Hot Beverages,1000101,1
1000635,"""Super Bowl"" of Pasta",1000092,1
1000636,Sandwich Combos and Platters,1000061,1
1000637,Sides,1000023,1
1000638,Side Sauce,1000094,1
1000639,Sides,1000016,1
1000640,Zone Flatbreads,1000092,1
1000641,"""Training Day"" Wraps",1000092,1
1000642,Canned Foods1,1000020,1
1000643,Special Offers,1000005,1
1000644,"Noodles, Pasta, and Soup",1000079,1
1000645,Drinks,1000076,1
1000646,Beverages,1000099,1
1000647,Drinks,1000010,1
1000648,Soft Drinks,1000035,1
1000649,Drinks Large,1000009,1
1000650,Sides,1000067,1
1000651,"""On the Side"" Lines",1000092,1
1000652,Red Wine,1000076,1
1000653,Smoothies,1000031,1
1000654,Candy Box,1000079,1
1000655,Cold Coffee,1000049,1
1000656,Picked for you,1000082,1
1000657,Desserts,1000082,1
1000658,Hot Drinks,1000075,1
1000659,Picked for you,1000075,1
1000660,Cheese Cakes,1000064,1
1000661,Signature Specialty Drinks,1000065,1
1000662,Coffee Series,1000030,1
1000663,Coffee-tea-hot Chocolate,1000079,1
1000664,Pastries,1000063,1
1000665,Dessert,1000027,1
1000666,Picked for you,1000005,1
1000667,Cat Food,1000079,1
1000668,Cauliflower Bites,1000106,1
1000669,Tacos,1000088,1
1000670,Salads,1000084,1
1000671,Cereal and Oatmeal,1000079,1
1000672,Feeds,1000020,1
1000673,Sides,1000001,1
1000674,Tea,1000067,1
1000675,Hot Drinks,1000017,1
1000676,Hot Teas,1000075,1
1000677,Ice Cream1,1000020,1
1000678,Rice Dishes,1000040,1
1000679,Keto Buns,1000046,1
1000680,Omelettes,1000074,1
1000681,Starters,1000090,1
1000682,Teaser and Pleasers,1000008,1
1000683,Starters,1000051,1
1000684,Pita Burgers,1000052,1
1000685,Kids,1000076,1
1000686,Pastas,1000029,1
1000687,Bundle Deals,1000013,1
1000688,King Jr Meals,1000013,1
1000689,Picked for you,1000094,1
1000690,Desserts,1000002,1
1000691,Kids Menu,1000051,1
1000692,Chips,1000072,1
1000693,Snacks & Cookies,1000005,1
1000694,Chips Regular Size Bag,1000079,1
1000695,Entrees,1000062,1
1000696,Premier Specials,1000062,1
1000697,Sweets & Treats,1000031,1
1000698,CHCKN,1000033,1
1000699,Soup & Salads,1000038,1
1000700,Picked for you,1000038,1
1000701,Biryani & Rice Specialties,1000038,1
1000702,Wraps,1000077,1
1000703,Steak & Mains,1000076,1
1000704,Wings and Fingers,1000104,1
1000705,Diner Dinners,1000104,1
1000706,Fried Rice and Fried Noodles 炒饭和炒面,1000086,1
1000707,Picked for you,1000013,1
1000708,Picked for you,1000040,1
1000709,Japas,1000070,1
1000710,Indian Breads,1000038,1
1000711,Picked for you,1000087,1
1000712,Soups,1000087,1
1000713,Picked for you,1000057,1
1000714,Sandwiches,1000007,1
1000715,Full Dish,1000064,1
1000716,Picked for you,1000052,1
1000717,Entrees,1000052,1
1000718,Pita Bread Specialties,1000052,1
1000719,Picked for you,1000062,1
1000720,Wraps,1000084,1
1000721,From The Grill,1000052,1
1000722,Fresh Starts,1000105,1
1000723,Poultry,1000101,1
1000724,The Classics,1000054,1
1000725,Starters,1000026,1
1000726,Picked for you,1000051,1
1000727,Set Courses,1000073,1
1000728,Tandoori (Sizzler),1000038,1
1000729,Picked for you,1000064,1
1000730,Main Dishes,1000064,1
1000731,Chicken Specialities,1000038,1
1000732,Side Orders,1000104,1
1000733,Lunch Plates,1000064,1
1000734,Appetizer,1000001,1
1000735,Cuisine Ramen,1000040,1
1000736,"Personal ""Fowl""",1000092,1
1000737,Combos,1000084,1
1000738,Chickpeas,1000084,1
1000739,Chef's Special,1000010,1
1000740,Chef Specials,1000050,1
1000741,Fish Hakka Chinese,1000038,1
1000742,Prawns / Shrimp,1000038,1
1000743,Pounds of Fries,1000033,1
1000744,Sidekicks,1000077,1
1000745,Sauces,1000087,1
1000746,Bowls & Dons,1000024,1
1000747,Beverage,1000088,1
1000748,French Toast,1000074,1
1000749,Happy Endings,1000076,1
1000750,Baked Goods,1000036,1
1000751,Kids Meals,1000080,1
1000752,Sides,1000077,1
1000753,Desserts,1000102,1
1000754,Dessert,1000101,1
1000755,Chocolate,1000019,1
1000756,Beverages,1000074,1
1000757,Shakes,1000013,1
1000758,Slush and Smoothie,1000019,1
1000759,Desserts,1000004,1
1000760,Side Orders,1000050,1
1000761,Picked for you,1000018,1
1000762,Pastries,1000018,1
1000763,Cold Beverages,1000031,1
1000764,Classic Sandwiches,1000080,1
1000765,Picked for you,1000105,1
1000766,Meal Bundles,1000097,1
1000767,Meal Bundles,1000098,1
1000768,Picked for you,1000033,1
1000769,Sides and Extras,1000103,1
1000770,Classic Pizzas,1000053,1
1000771,Comfort Foods,1000103,1
1000772,Kids Meals,1000094,1
1000773,Roast Beef,1000008,1
1000774,Picked for you,1000104,1
1000775,Beverages,1000104,1
1000776,Picked for you,1000103,1
1000777,Picked for you,1000023,1
1000778,Sandwiches,1000029,1
1000779,Salads,1000028,1
1000780,Wraps,1000028,1
1000781,Cold Drinks,1000067,1
1000782,Bottle or canned beverage 瓶或罐装饮料,1000086,1
1000783,Beverages,1000024,1
1000784,Beverages,1000006,1
1000785,Drinks,1000089,1
1000786,Refresh Smoothies,1000012,1
1000787,Tasty Milk Tea,1000019,1
1000788,Snacks,1000028,1
1000789,Rice,1000084,1
1000790,Juice,1000066,1
1000791,Smoothies,1000030,1
1000792,12 Pack of Pop Case (355ml) and (12 pcs),1000079,1
1000793,Cold Beverages,1000103,1
1000794,Cold Stuff,1000049,1
1000795,Bento,1000070,1
1000796,Family Feast,1000042,1
1000797,"Bundles, Deals, and Combos",1000020,1
1000798,Combo,1000064,1
1000799,Half & Half,1000059,1
1000800,Pastry and Cupcakes,1000079,1
1000801,Milk Shakes and Protein Milk,1000079,1
1000802,Gummies and Licorice,1000079,1
1000803,Nuts and Seeds,1000079,1
1000804,Salads,1000001,1
1000805,Frozen Meat & Fish,1000089,1
1000806,Sashimi A La Carte,1000002,1
1000807,Sushi A La Carte,1000002,1
1000808,Sushi Rolls,1000016,1
1000809,"Cookies, Crackers, and Munchies",1000020,1
1000810,Juices,1000101,1
1000811,Party Trays,1000024,1
1000812,Drinks,1000004,1
1000813,Floats,1000081,1
1000814,Pasta,1000084,1
1000815,Classic Omelettes,1000080,1
1000816,Feature Flavour,1000081,1
1000817,Snacks,1000043,1
1000818,Appetizer 前菜,1000086,1
1000819,Bento Box,1000073,1
1000820,Sashimi Combos,1000073,1
1000821,Sushi Combos,1000073,1
1000822,Dessert,1000091,1
1000823,Mains,1000041,1
1000824,Custom,1000028,1
1000825,Ice Cream Treats,1000045,1
1000826,Bread and Tortillas,1000079,1
1000827,Dim Sum,1000006,1
1000828,Dim sum,1000066,1
1000829,Picked for you,1000006,1
1000830,DIY Poutine,1000071,1
1000831,Boring Bevvies,1000105,1
1000832,Free With CA$30 Purchase (Add to cart),1000055,1
1000833,Waffle Bowls,1000045,1
1000834,Water,1000014,1
1000835,Beverages / Boissons,1000102,1
1000836,Whole Bean,1000075,1
1000837,Dessert,1000093,1
1000838,Mains,1000072,1
1000839,Craft Beer,1000033,1
1000840,Mains,1000010,1
1000841,Chips Dip,1000079,1
1000842,White Wines,1000095,1
1000843,Combination,1000101,1
1000844,Burgers,1000087,1
1000845,Burgers and Dogs,1000104,1
1000846,Combos,1000071,1
1000847,Battery,1000079,1
1000848,Condiments,1000024,1
1000849,Breakfast,1000077,1
1000850,Tasty Scramblers,1000021,1
1000851,Grilled Fresh Breakfast,1000012,1
1000852,Vegetarian Dishes,1000052,1
1000853,Mouth Watering Benedicts,1000021,1
1000854,Eggs Benedict,1000029,1
1000855,Picked for you,1000029,1
1000856,World's Best Burgers - Top Ten Favs,1000096,1
1000857,Chicken Soldiers,1000023,1
1000858,Sausage Soldiers,1000023,1
1000859,Fish and Chip Dinners,1000094,1
1000860,Gum and Mints,1000020,1
1000861,Gum or Mints,1000072,1
1000862,"Rolling Paper, Raw, and Juicy Jay Papers",1000079,1
1000863,Breakfast,1000074,1
1000864,Sides,1000106,1
1000865,Pita Grilled Cheese,1000052,1
1000866,Sides,1000052,1
1000867,Side Dishes/Extras,1000015,1
1000868,Featured Items,1000024,1
1000869,Frozen Dim Sum,1000006,1
1000870,Sides,1000057,1
1000871,Family Packs,1000104,1
1000872,Wedges & Rings,1000106,1
1000873,Picked for you,1000097,1
1000874,Picked for you,1000098,1
1000875,Veggie Soldiers,1000023,1
1000876,Traditional Plates,1000017,1
1000877,Salads,1000017,1
1000878,Seasonal Specials,1000088,1
1000879,Cooked Seafood,1000100,1
1000880,Other Combos,1000034,1
1000881,Seafood Specialties,1000038,1
1000882,Dinner Entrees,1000029,1
1000883,Karahi Specialties,1000038,1
1000884,Speciality Rolls,1000024,1
1000885,Mains,1000011,1
1000886,Home Made Perogies,1000008,1
1000887,Deli,1000056,1
1000888,Drinks,1000091,1
1000889,Flatbreads,1000018,1
1000890,Footlong Combos,1000077,1
1000891,Footlong Subs,1000077,1
1000892,Picked for you,1000077,1
1000893,"Spices and Condiments (Ketchup, Mayonnaise, and Mustard)",1000079,1
1000894,Sides,1000008,1
1000895,Featured Products,1000018,1
1000896,Side Orders,1000010,1
1000897,Toasty Toast,1000021,1
1000898,French Toast,1000029,1
1000899,Hot Drinks,1000080,1
1000900,Picked for you,1000067,1
1000901,Additions,1000088,1
1000902,Fresh Fruit Tea (书亦－鲜果鲜茶),1000069,1
1000903,Fresh Milk Series,1000030,1
1000904,Lunch,1000049,1
1000905,Fresh Juices,1000080,1
1000906,Picked for you,1000053,1
1000907,Picked for you,1000084,1
1000908,Meal,1000015,1
1000909,Rice Dishes,1000015,1
1000910,Snacks,1000004,1
1000911,Yam,1000084,1
1000912,Tex-Mex,1000004,1
1000913,Chips,1000014,1
1000914,Picked for you,1000014,1
1000915,Ice Creams,1000072,1
1000916,PROMOS & SPECIALS,1000067,1
1000917,"""Slow Roasted"" Baby Back Ribs",1000092,1
1000918,Salades / Salads,1000102,1
1000919,Picked for you,1000012,1
1000920,Dessert,1000088,1
1000921,Desserts,1000039,1
1000922,Sports Drinks,1000035,1
1000923,Sides,1000017,1
1000924,Beverage,1000014,1
1000925,"Gatorade, Powerade, and Vitamin Water",1000079,1
1000926,Bubble Tea 奶茶,1000086,1
1000927,Limited Time Items,1000074,1
1000928,Steak Soldiers,1000023,1
1000929,Thai Dishes,1000066,1
1000930,Cooked Goat,1000100,1
1000931,Soups,1000084,1
1000932,Rich Cream(书亦－厚乳系列),1000069,1
1000933,Vegetarian Dishes,1000101,1
1000934,Sandwiches,1000079,1
1000935,Beef,1000101,1
1000936,Buns & Rolls,1000018,1
1000937,Fresh Green Tea,1000065,1
1000938,Ice Crush,1000065,1
1000939,Cold Drinks,1000027,1
1000940,Yakult,1000019,1
1000941,Picked for you,1000072,1
1000942,Yogurt Drinks 养乐多,1000086,1
1000943,Tandoori Dishes,1000068,1
1000944,Others,1000100,1
1000945,Dessert,1000066,1
1000946,Desserts,1000038,1
1000947,Healthy To Go,1000000,1
1000948,Hand Rolls,1000006,1
1000949,Seafood Soup,1000066,1
1000950,Rice Hakka chinese,1000038,1
1000951,Noodles Hakka Chinese,1000038,1
1000952,Chicken Hakka Chinese,1000038,1
1000953,Vegetables Hakka Chinese,1000038,1
1000954,Half & Half,1000057,1
1000955,Happy Meals,1000048,1
1000956,Poutine,1000088,1
1000957,"Cookies, Crackers, and Munchies",1000072,1
1000958,Superfood+ Smoothies,1000012,1
1000959,Pho - Beef Noodle Soup,1000066,1
1000960,Dessert,1000023,1
1000961,Sides,1000074,1
1000962,Creative Mix Series,1000030,1
1000963,House Special,1000065,1
1000964,Fall-off-the-Bone-Ribs,1000051,1
1000965,Hot Drinks,1000049,1
1000966,Beef Jerky (Meat Sticks),1000079,1
1000967,Salads,1000080,1
1000968,Appetizers,1000057,1
1000969,Party Pack,1000045,1
1000970,Soft Drinks,1000066,1
1000971,Iced Teas,1000075,1
1000972,Fruit Drinks 果饮,1000086,1
1000973,Cold Coffees,1000075,1
1000974,Beverages,1000101,1
1000975,Classic Soldiers,1000023,1
1000976,JR Shawarma,1000057,1
1000977,Jamaican Beef Patty,1000099,1
1000978,Snacks,1000084,1
1000979,Cold Coffee & Iced Tea,1000035,1
1000980,Vegetarian Ramen,1000040,1
1000981,"""MVP"" Sandwiches",1000092,1
1000982,Picked for you,1000001,1
1000983,Kids,1000034,1
1000984,Beverages,1000002,1
1000985,Incense Sticks,1000079,1
1000986,Condoms,1000079,1
1000987,Japanese Tacos,1000006,1
1000988,Salads,1000087,1
1000989,Spicy Ramen,1000040,1
1000990,Picked for you,1000054,1
1000991,"The Soup, Salads and Starters",1000054,1
1000992,Ice Cream,1000014,1
1000993,Desserts,1000010,1
1000994,Kids Menu,1000028,1
1000995,Kids,1000088,1
1000996,Kids,1000039,1
1000997,Kid Meals,1000064,1
1000998,Kids' Pak Meal,1000077,1
1000999,Repas pour enfants / Kid's Meals,1000102,1
1001000,Salad,1000066,1
1001001,Kenzo Favourites,1000040,1
1001002,Picked for you,1000063,1
1001003,Drinks,1000015,1
1001004,Cold Drinks,1000017,1
1001005,Drinks,1000058,1
1001006,Cooked Lamb,1000100,1
1001007,Slushie’s,1000035,1
1001008,Poutine Combos,1000034,1
1001009,Fries,1000087,1
1001010,Light Breakfast,1000080,1
1001011,Frozen Food,1000014,1
1001012,Soups,1000042,1
1001013,Salads,1000043,1
1001014,Love Boats,1000002,1
1001015,Maki Rolls,1000024,1
1001016,Maki Rolls,1000006,1
1001017,Dinner for Two,1000010,1
1001018,Sides,1000091,1
1001019,Picked for you,1000096,1
1001020,Picked for you,1000065,1
1001021,Real Fruit Smoothies,1000064,1
1001022,Teaffogato,1000030,1
1001023,Snacks,1000049,1
1001024,Dessert,1000070,1
1001025,Wine,1000088,1
1001026,Frozen Cake and Cheesecake,1000079,1
1001027,Medicine,1000014,1
1001028,Cakes,1000022,1
1001029,Cakes,1000072,1
1001030,Cakes,1000020,1
1001031,New Items!,1000029,1
1001032,Snacks,1000015,1
1001033,Hot Drinks,1000048,1
1001034,Hot Drinks,1000047,1
1001035,The Mini Menu - For Children 10 Years Old and Under,1000105,1
1001036,Mini Pizzas,1000018,1
1001037,Single Ramen,1000040,1
1001038,Mixes,1000062,1
1001039,Appetizer,1000038,1
1001040,Gum,1000014,1
1001041,Energy Drinks,1000035,1
1001042,Classics,1000043,1
1001043,Japanese Udon Soup,1000006,1
1001044,Pan Fried Udon,1000006,1
1001045,Better for you Beverage,1000035,1
1001046,Refreshing Beverages,1000095,1
1001047,Combination Thali Specials,1000010,1
1001048,Picked for you,1000083,1
1001049,Signature Food 推薦主食,1000083,1
1001050,Cor-Bun,1000059,1
1001051,Sushi Pizza,1000024,1
1001052,Sushi Pizza,1000006,1
1001053,Cream Liquor,1000095,1
1001054,Picked for you,1000078,1
1001055,Delight from Tandoor Clay Oven,1000050,1
1001056,Eggs Benedict,1000074,1
1001057,Picked for you,1000095,1
1001058,Rose,1000095,1
1001059,Popular Pairs,1000069,1
1001060,Hot Dishes 四川特色小炒,1000083,1
1001061,Fruits & Vegetables,1000020,1
1001062,Dessert,1000001,1
1001063,Japanese Rice,1000006,1
1001064,Cold Cups,1000075,1
1001065,Rice Bowl,1000016,1
1001066,Soup and Salad,1000006,1
1001067,Soup,1000066,1
1001068,SAJ Shawarma Wraps,1000057,1
1001069,Special Maki,1000006,1
1001070,Blowtorch & Deep Fried Rolls,1000024,1
1001071,Sushi,1000024,1
1001072,Fox Famous Wings & Nachos,1000026,1
1001073,Scones,1000018,1
1001074,Popsicle,1000014,1
1001075,Rice Sizzlers,1000038,1
1001076,The Sweet Stuff,1000051,1
1001077,Sparkling Wine,1000095,1
1001078,Tumblers,1000075,1
1001079,Water Bottles,1000075,1
1001080,3rd Quarter Sizzlers,1000092,1
1001081,Other,1000075,1
1001082,Hot Beverages,1000013,1
1001083,Beverages,1000040,1
1001084,Seasonings,1000084,1
1001085,Steaks,1000084,1
1001086,Entree,1000006,1
1001087,Brewed Tea Series,1000030,1
1001088,Teavana Tea,1000075,1
1001089,Salads,1000091,1
1001090,Burgers,1000105,1
1001091,Animal-Friendly Brgrs,1000033,1
1001092,Sweet Tooth Pankcakes,1000021,1
1001093,Milk Series,1000019,1
1001094,Tiramisu,1000059,1
1001095,Torched Sushi,1000006,1
1001096,Starters and Poutines,1000096,1
1001097,The Ethiopian Coffee Ceremony,1000101,1
1001098,Mains,1000022,1
1001099,Case Sales,1000095,1
1001100,Alcoholic Beverages,1000091,1
1001101,Eggs Crackin',1000029,1
1001102,Cutlery,1000039,1
1001103,Vegetarian Maki Rolls,1000024,1
1001104,Vegetable Noodle Soup (Vegan Soup),1000066,1
1001105,VIA® Instant,1000075,1
1001106,Vegetable Maki,1000006,1
1001107,The Grill,1000054,1
1001108,Extras,1000091,1
1001109,Vietnamese Coffee,1000066,1
1001110,WOW size,1000071,1
1001111,Appetizers,1000101,1
1001112,Wings,1000106,1
1001113,Desserts,1000006,1
1001114,Frozen Entrees,1000014,1
1001115,Greens,1000093,1
1001116,cake slice,1000063,1
1001117,Cupcakes,1000063,1
1001118,cake pops,1000063,1
