provider_id,day,open_time,close_time,create_at,update_at,delete_at
1000047,1,08:00:00,21:00:00,2020-03-22 13:27:15,2020-03-22 13:27:15,
1000033,1,12:00:00,23:00:00,2020-08-02 00:29:52,2020-08-02 00:29:52,
1000061,1,13:00:00,23:00:00,2018-12-07 00:31:35,2018-12-07 00:31:35,
1000102,1,07:00:00,23:00:00,2018-09-08 15:42:05,2018-09-08 15:42:05,
1000094,1,00:00:00,13:00:00,2018-09-03 06:24:47,2018-09-03 06:24:47,
1000036,1,08:00:00,22:00:00,2020-10-24 23:06:03,2020-10-24 23:06:03,
1000012,1,04:00:00,23:00:00,2021-01-07 19:54:03,2021-01-07 19:54:03,
1000031,1,02:00:00,22:00:00,2020-03-31 02:36:10,2020-03-31 02:36:10,
1000028,1,11:00:00,23:00:00,2020-05-20 06:04:36,2020-05-20 06:04:36,
1000027,1,04:00:00,19:00:00,2018-12-20 08:05:22,2018-12-20 08:05:22,
1000057,1,06:00:00,20:00:00,2020-04-18 16:08:39,2020-04-18 16:08:39,
1000032,1,05:00:00,22:00:00,2018-01-20 21:31:52,2018-01-20 21:31:52,
1000015,1,12:00:00,23:00:00,2021-06-26 02:56:13,2021-06-26 02:56:13,
1000001,1,00:00:00,16:00:00,2018-09-29 03:54:45,2018-09-29 03:54:45,
1000089,1,00:00:00,14:00:00,2021-05-06 02:04:49,2021-05-06 02:04:49,
1000084,1,10:00:00,23:00:00,2021-04-17 18:01:53,2021-04-17 18:01:53,
1000101,1,01:00:00,15:00:00,2021-02-27 22:06:37,2021-02-27 22:06:37,
1000095,1,05:00:00,19:00:00,2021-12-28 19:39:09,2021-12-28 19:39:09,
1000039,1,13:00:00,23:00:00,2018-09-05 10:38:40,2018-09-05 10:38:40,
1000076,1,01:00:00,19:00:00,2020-08-20 19:13:57,2020-08-20 19:13:57,
1000088,1,10:00:00,23:00:00,2018-11-29 08:04:54,2018-11-29 08:04:54,
1000004,1,04:00:00,19:00:00,2021-01-24 07:32:59,2021-01-24 07:32:59,
1000087,1,06:00:00,18:00:00,2020-08-07 07:33:01,2020-08-07 07:33:01,
1000067,1,04:00:00,23:00:00,2020-08-07 00:00:53,2020-08-07 00:00:53,
1000077,1,05:00:00,23:00:00,2021-07-14 07:20:43,2021-07-14 07:20:43,
1000023,1,12:00:00,23:00:00,2020-04-02 00:46:49,2020-04-02 00:46:49,
1000091,1,12:00:00,23:00:00,2018-06-03 14:12:04,2018-06-03 14:12:04,
1000026,1,06:00:00,23:00:00,2021-05-15 02:12:50,2021-05-15 02:12:50,
1000051,1,06:00:00,20:00:00,2020-05-03 19:06:51,2020-05-03 19:06:51,
1000106,1,07:00:00,23:00:00,2019-06-11 20:55:09,2019-06-11 20:55:09,
1000053,1,03:00:00,23:00:00,2021-11-28 16:07:46,2021-11-28 16:07:46,
1000058,1,06:00:00,22:00:00,2020-02-20 03:09:23,2020-02-20 03:09:23,
1000042,1,11:00:00,23:00:00,2020-02-19 08:53:02,2020-02-19 08:53:02,
1000054,1,05:00:00,17:00:00,2019-09-25 05:11:39,2019-09-25 05:11:39,
1000064,1,03:00:00,17:00:00,2021-11-05 18:26:06,2021-11-05 18:26:06,
1000017,1,01:00:00,18:00:00,2019-10-10 19:06:45,2019-10-10 19:06:45,
1000055,1,04:00:00,17:00:00,2018-10-15 16:44:32,2018-10-15 16:44:32,
1000040,1,12:00:00,23:00:00,2021-11-25 14:21:02,2021-11-25 14:21:02,
1000066,1,10:00:00,23:00:00,2019-08-22 06:52:55,2019-08-22 06:52:55,
1000083,1,06:00:00,22:00:00,2018-10-26 19:14:02,2018-10-26 19:14:02,
1000060,1,03:00:00,22:00:00,2021-03-27 21:49:50,2021-03-27 21:49:50,
1000024,1,01:00:00,15:00:00,2020-04-15 20:56:38,2020-04-15 20:56:38,
1000037,1,02:00:00,18:00:00,2018-01-23 03:47:59,2018-01-23 03:47:59,
1000025,1,11:00:00,23:00:00,2021-08-15 14:23:45,2021-08-15 14:23:45,
1000016,1,06:00:00,18:00:00,2021-10-15 08:44:25,2021-10-15 08:44:25,
1000104,1,07:00:00,23:00:00,2019-10-30 23:51:03,2019-10-30 23:51:03,
1000080,1,04:00:00,17:00:00,2019-05-16 08:34:53,2019-05-16 08:34:53,
1000078,1,08:00:00,23:00:00,2021-10-07 07:57:27,2021-10-07 07:57:27,
1000000,1,09:00:00,23:00:00,2020-03-17 18:42:54,2020-03-17 18:42:54,
1000074,1,05:00:00,23:00:00,2018-07-19 02:59:58,2018-07-19 02:59:58,
1000011,1,04:00:00,17:00:00,2018-09-05 12:32:44,2018-09-05 12:32:44,
1000046,1,06:00:00,20:00:00,2019-02-23 08:36:26,2019-02-23 08:36:26,
1000098,1,10:00:00,23:00:00,2019-01-11 13:36:32,2019-01-11 13:36:32,
1000075,1,07:00:00,19:00:00,2020-06-22 10:18:27,2020-06-22 10:18:27,
1000018,1,04:00:00,20:00:00,2021-01-19 07:38:00,2021-01-19 07:38:00,
1000043,1,07:00:00,23:00:00,2018-09-24 12:01:16,2018-09-24 12:01:16,
1000093,1,05:00:00,18:00:00,2021-04-16 04:44:47,2021-04-16 04:44:47,
1000092,1,00:00:00,14:00:00,2018-02-01 05:22:02,2018-02-01 05:22:02,
1000062,1,02:00:00,15:00:00,2019-08-30 19:27:14,2019-08-30 19:27:14,
1000044,1,03:00:00,18:00:00,2019-09-07 12:58:36,2019-09-07 12:58:36,
1000090,1,12:00:00,23:00:00,2019-09-08 10:38:50,2019-09-08 10:38:50,
1000014,1,04:00:00,23:00:00,2018-08-04 10:36:15,2018-08-04 10:36:15,
1000009,1,11:00:00,23:00:00,2019-03-21 10:43:37,2019-03-21 10:43:37,
1000038,1,13:00:00,23:00:00,2020-05-28 14:04:05,2020-05-28 14:04:05,
1000099,1,10:00:00,23:00:00,2020-08-21 18:56:02,2020-08-21 18:56:02,
1000029,1,03:00:00,21:00:00,2018-08-31 06:04:34,2018-08-31 06:04:34,
1000021,1,09:00:00,23:00:00,2018-01-21 13:23:09,2018-01-21 13:23:09,
1000041,1,11:00:00,23:00:00,2020-07-26 14:29:40,2020-07-26 14:29:40,
1000070,1,06:00:00,23:00:00,2020-12-25 13:55:34,2020-12-25 13:55:34,
1000002,1,01:00:00,17:00:00,2020-07-13 12:51:04,2020-07-13 12:51:04,
1000006,1,07:00:00,23:00:00,2019-03-20 23:17:36,2019-03-20 23:17:36,
1000073,1,09:00:00,23:00:00,2021-12-11 00:55:18,2021-12-11 00:55:18,
1000068,1,12:00:00,23:00:00,2019-11-20 04:30:49,2019-11-20 04:30:49,
1000010,1,04:00:00,19:00:00,2019-05-18 23:21:14,2019-05-18 23:21:14,
1000003,1,08:00:00,23:00:00,2018-08-25 21:30:57,2018-08-25 21:30:57,
1000100,1,01:00:00,15:00:00,2019-06-12 21:05:36,2019-06-12 21:05:36,
1000008,1,08:00:00,20:00:00,2019-06-30 16:32:32,2019-06-30 16:32:32,
1000007,1,04:00:00,20:00:00,2019-06-07 20:23:14,2019-06-07 20:23:14,
1000072,1,00:00:00,12:00:00,2018-04-16 07:12:44,2018-04-16 07:12:44,
1000022,1,02:00:00,15:00:00,2020-05-11 07:59:00,2020-05-11 07:59:00,
1000020,1,03:00:00,22:00:00,2019-09-04 13:51:47,2019-09-04 13:51:47,
1000052,1,01:00:00,14:00:00,2021-03-04 16:34:20,2021-03-04 16:34:20,
1000050,1,00:00:00,15:00:00,2020-02-24 08:57:14,2020-02-24 08:57:14,
1000086,1,06:00:00,20:00:00,2018-01-20 19:48:07,2018-01-20 19:48:07,
1000056,1,12:00:00,23:00:00,2019-10-05 03:37:47,2019-10-05 03:37:47,
1000105,1,11:00:00,23:00:00,2019-01-13 04:14:23,2019-01-13 04:14:23,
1000065,1,12:00:00,23:00:00,2019-06-25 02:20:33,2019-06-25 02:20:33,
1000019,1,12:00:00,23:00:00,2018-07-22 19:15:04,2018-07-22 19:15:04,
1000030,1,08:00:00,21:00:00,2018-06-01 16:38:37,2018-06-01 16:38:37,
1000085,1,01:00:00,15:00:00,2019-06-05 21:31:28,2019-06-05 21:31:28,
1000069,1,02:00:00,15:00:00,2018-10-05 12:02:27,2018-10-05 12:02:27,
1000096,1,01:00:00,18:00:00,2018-01-05 21:46:27,2018-01-05 21:46:27,
1000013,1,07:00:00,23:00:00,2020-05-25 13:23:58,2020-05-25 13:23:58,
1000097,1,03:00:00,22:00:00,2019-05-26 18:45:15,2019-05-26 18:45:15,
1000103,1,12:00:00,23:00:00,2020-02-05 14:52:40,2020-02-05 14:52:40,
1000049,1,06:00:00,23:00:00,2018-11-21 19:32:28,2018-11-21 19:32:28,
1000048,1,10:00:00,23:00:00,2019-04-02 08:41:50,2019-04-02 08:41:50,
1000063,1,04:00:00,17:00:00,2018-08-24 17:46:15,2018-08-24 17:46:15,
1000081,1,10:00:00,23:00:00,2021-03-16 00:19:26,2021-03-16 00:19:26,
1000082,1,11:00:00,23:00:00,2018-07-13 22:55:22,2018-07-13 22:55:22,
1000059,1,03:00:00,23:00:00,2019-08-06 10:59:54,2019-08-06 10:59:54,
1000045,1,07:00:00,23:00:00,2020-03-13 05:59:33,2020-03-13 05:59:33,
1000071,1,09:00:00,21:00:00,2021-12-07 20:41:06,2021-12-07 20:41:06,
1000034,1,12:00:00,23:00:00,2020-01-16 01:57:58,2020-01-16 01:57:58,
1000079,1,07:00:00,22:00:00,2019-10-06 16:52:43,2019-10-06 16:52:43,
1000005,1,05:00:00,17:00:00,2019-12-25 13:25:47,2019-12-25 13:25:47,
1000035,1,01:00:00,17:00:00,2019-05-03 23:48:47,2019-05-03 23:48:47,
1000047,2,07:00:00,21:00:00,2021-12-01 23:07:24,2021-12-01 23:07:24,
1000033,2,07:00:00,23:00:00,2021-12-28 21:07:54,2021-12-28 21:07:54,
1000061,2,02:00:00,16:00:00,2019-09-25 20:15:51,2019-09-25 20:15:51,
1000102,2,12:00:00,23:00:00,2021-01-21 03:45:04,2021-01-21 03:45:04,
1000094,2,01:00:00,14:00:00,2018-06-20 02:12:41,2018-06-20 02:12:41,
1000036,2,01:00:00,16:00:00,2019-11-01 17:14:55,2019-11-01 17:14:55,
1000012,2,06:00:00,22:00:00,2018-04-21 21:54:52,2018-04-21 21:54:52,
1000031,2,12:00:00,23:00:00,2021-03-08 05:30:14,2021-03-08 05:30:14,
1000028,2,03:00:00,15:00:00,2018-10-01 03:38:46,2018-10-01 03:38:46,
1000027,2,06:00:00,23:00:00,2019-06-28 14:25:28,2019-06-28 14:25:28,
1000057,2,03:00:00,21:00:00,2021-03-29 06:06:35,2021-03-29 06:06:35,
1000032,2,07:00:00,19:00:00,2019-12-21 16:40:40,2019-12-21 16:40:40,
1000015,2,13:00:00,23:00:00,2021-12-05 14:19:30,2021-12-05 14:19:30,
1000001,2,07:00:00,23:00:00,2020-10-19 14:39:54,2020-10-19 14:39:54,
1000089,2,12:00:00,23:00:00,2018-07-04 00:54:50,2018-07-04 00:54:50,
1000084,2,02:00:00,20:00:00,2021-04-12 13:01:28,2021-04-12 13:01:28,
1000101,2,05:00:00,20:00:00,2021-05-05 10:59:12,2021-05-05 10:59:12,
1000095,2,01:00:00,16:00:00,2021-07-04 04:22:56,2021-07-04 04:22:56,
1000039,2,03:00:00,18:00:00,2021-08-03 15:09:42,2021-08-03 15:09:42,
1000076,2,13:00:00,23:00:00,2021-02-22 02:05:03,2021-02-22 02:05:03,
1000088,2,01:00:00,16:00:00,2021-11-28 05:37:10,2021-11-28 05:37:10,
1000004,2,12:00:00,23:00:00,2018-12-02 04:48:41,2018-12-02 04:48:41,
1000087,2,00:00:00,16:00:00,2018-03-26 03:31:08,2018-03-26 03:31:08,
1000067,2,12:00:00,23:00:00,2021-09-23 23:50:20,2021-09-23 23:50:20,
1000077,2,07:00:00,22:00:00,2020-12-03 20:15:27,2020-12-03 20:15:27,
1000023,2,03:00:00,21:00:00,2019-08-30 04:58:16,2019-08-30 04:58:16,
1000091,2,02:00:00,22:00:00,2021-12-24 05:00:34,2021-12-24 05:00:34,
1000026,2,01:00:00,15:00:00,2021-04-03 09:34:52,2021-04-03 09:34:52,
1000051,2,08:00:00,23:00:00,2020-01-17 12:16:58,2020-01-17 12:16:58,
1000106,2,10:00:00,23:00:00,2020-10-22 21:47:59,2020-10-22 21:47:59,
1000053,2,07:00:00,20:00:00,2021-08-11 04:49:11,2021-08-11 04:49:11,
1000058,2,08:00:00,23:00:00,2018-05-31 23:07:05,2018-05-31 23:07:05,
1000042,2,00:00:00,17:00:00,2021-03-03 17:55:35,2021-03-03 17:55:35,
1000054,2,00:00:00,20:00:00,2021-09-21 14:15:10,2021-09-21 14:15:10,
1000064,2,00:00:00,14:00:00,2018-02-24 23:57:37,2018-02-24 23:57:37,
1000017,2,02:00:00,14:00:00,2021-08-08 02:29:07,2021-08-08 02:29:07,
1000055,2,13:00:00,23:00:00,2020-10-07 10:43:06,2020-10-07 10:43:06,
1000040,2,06:00:00,21:00:00,2020-05-27 23:28:27,2020-05-27 23:28:27,
1000066,2,00:00:00,14:00:00,2020-01-13 02:41:39,2020-01-13 02:41:39,
1000083,2,12:00:00,23:00:00,2018-09-04 18:13:56,2018-09-04 18:13:56,
1000060,2,03:00:00,19:00:00,2020-12-29 19:56:24,2020-12-29 19:56:24,
1000024,2,13:00:00,23:00:00,2019-07-07 12:35:15,2019-07-07 12:35:15,
1000037,2,02:00:00,16:00:00,2020-10-07 12:14:25,2020-10-07 12:14:25,
1000025,2,07:00:00,23:00:00,2019-10-05 04:49:54,2019-10-05 04:49:54,
1000016,2,01:00:00,19:00:00,2019-07-09 19:56:49,2019-07-09 19:56:49,
1000104,2,07:00:00,23:00:00,2021-11-05 12:29:29,2021-11-05 12:29:29,
1000080,2,10:00:00,22:00:00,2019-06-20 11:52:47,2019-06-20 11:52:47,
1000078,2,11:00:00,23:00:00,2020-05-12 22:23:32,2020-05-12 22:23:32,
1000000,2,06:00:00,23:00:00,2019-10-01 05:10:54,2019-10-01 05:10:54,
1000074,2,05:00:00,17:00:00,2021-07-10 22:39:14,2021-07-10 22:39:14,
1000011,2,01:00:00,21:00:00,2021-09-02 05:01:16,2021-09-02 05:01:16,
1000046,2,11:00:00,23:00:00,2018-08-17 09:16:47,2018-08-17 09:16:47,
1000098,2,02:00:00,18:00:00,2020-08-07 00:41:20,2020-08-07 00:41:20,
1000075,2,04:00:00,18:00:00,2019-04-17 23:57:25,2019-04-17 23:57:25,
1000018,2,10:00:00,23:00:00,2018-09-30 05:08:04,2018-09-30 05:08:04,
1000043,2,13:00:00,23:00:00,2019-11-16 05:04:39,2019-11-16 05:04:39,
1000093,2,07:00:00,23:00:00,2019-02-16 10:44:33,2019-02-16 10:44:33,
1000092,2,00:00:00,19:00:00,2021-11-26 19:43:32,2021-11-26 19:43:32,
1000062,2,12:00:00,23:00:00,2018-10-10 09:06:56,2018-10-10 09:06:56,
1000044,2,02:00:00,15:00:00,2018-10-26 02:25:24,2018-10-26 02:25:24,
1000090,2,08:00:00,23:00:00,2021-06-12 20:24:51,2021-06-12 20:24:51,
1000014,2,10:00:00,23:00:00,2020-03-26 22:56:26,2020-03-26 22:56:26,
1000009,2,13:00:00,23:00:00,2021-07-21 09:14:10,2021-07-21 09:14:10,
1000038,2,11:00:00,23:00:00,2018-06-20 20:10:41,2018-06-20 20:10:41,
1000099,2,03:00:00,16:00:00,2020-07-11 23:44:11,2020-07-11 23:44:11,
1000029,2,08:00:00,22:00:00,2019-04-25 10:00:51,2019-04-25 10:00:51,
1000021,2,02:00:00,21:00:00,2019-06-12 18:37:21,2019-06-12 18:37:21,
1000041,2,11:00:00,23:00:00,2020-08-10 09:38:14,2020-08-10 09:38:14,
1000070,2,10:00:00,23:00:00,2020-01-31 10:49:04,2020-01-31 10:49:04,
1000002,2,11:00:00,23:00:00,2021-01-04 08:08:08,2021-01-04 08:08:08,
1000006,2,07:00:00,23:00:00,2021-05-02 22:09:52,2021-05-02 22:09:52,
1000073,2,11:00:00,23:00:00,2020-08-05 18:59:14,2020-08-05 18:59:14,
1000068,2,10:00:00,23:00:00,2021-08-24 17:25:28,2021-08-24 17:25:28,
1000010,2,13:00:00,23:00:00,2018-10-19 00:17:13,2018-10-19 00:17:13,
1000003,2,01:00:00,17:00:00,2018-12-25 20:20:15,2018-12-25 20:20:15,
1000100,2,00:00:00,20:00:00,2021-02-02 22:45:39,2021-02-02 22:45:39,
1000008,2,08:00:00,22:00:00,2018-06-19 13:58:58,2018-06-19 13:58:58,
1000007,2,10:00:00,23:00:00,2018-02-11 07:26:18,2018-02-11 07:26:18,
1000072,2,11:00:00,23:00:00,2018-02-03 17:31:29,2018-02-03 17:31:29,
1000022,2,07:00:00,21:00:00,2021-03-20 16:49:05,2021-03-20 16:49:05,
1000020,2,12:00:00,23:00:00,2020-10-01 10:03:09,2020-10-01 10:03:09,
1000052,2,04:00:00,17:00:00,2018-01-17 21:02:19,2018-01-17 21:02:19,
1000050,2,05:00:00,23:00:00,2018-04-07 17:06:28,2018-04-07 17:06:28,
1000086,2,04:00:00,19:00:00,2018-10-05 00:25:53,2018-10-05 00:25:53,
1000056,2,05:00:00,18:00:00,2019-09-14 16:20:53,2019-09-14 16:20:53,
1000105,2,00:00:00,12:00:00,2020-11-12 02:35:56,2020-11-12 02:35:56,
1000065,2,03:00:00,22:00:00,2019-09-15 02:40:40,2019-09-15 02:40:40,
1000019,2,13:00:00,23:00:00,2021-04-21 09:06:47,2021-04-21 09:06:47,
1000030,2,00:00:00,12:00:00,2019-03-12 09:21:06,2019-03-12 09:21:06,
1000085,2,02:00:00,17:00:00,2019-11-29 11:40:56,2019-11-29 11:40:56,
1000069,2,04:00:00,19:00:00,2019-12-09 14:27:34,2019-12-09 14:27:34,
1000096,2,00:00:00,14:00:00,2020-02-22 23:39:59,2020-02-22 23:39:59,
1000013,2,02:00:00,16:00:00,2021-05-18 20:47:12,2021-05-18 20:47:12,
1000097,2,10:00:00,22:00:00,2020-04-30 16:42:09,2020-04-30 16:42:09,
1000103,2,09:00:00,23:00:00,2018-12-14 16:26:39,2018-12-14 16:26:39,
1000049,2,07:00:00,20:00:00,2019-12-24 01:25:22,2019-12-24 01:25:22,
1000048,2,05:00:00,19:00:00,2019-06-16 22:14:37,2019-06-16 22:14:37,
1000063,2,00:00:00,12:00:00,2019-03-05 22:42:31,2019-03-05 22:42:31,
1000081,2,03:00:00,20:00:00,2021-12-04 12:51:16,2021-12-04 12:51:16,
1000082,2,03:00:00,18:00:00,2021-06-24 22:21:34,2021-06-24 22:21:34,
1000059,2,11:00:00,23:00:00,2019-09-19 23:08:12,2019-09-19 23:08:12,
1000045,2,01:00:00,20:00:00,2018-05-23 22:56:09,2018-05-23 22:56:09,
1000071,2,07:00:00,23:00:00,2020-04-29 13:07:40,2020-04-29 13:07:40,
1000034,2,02:00:00,19:00:00,2020-02-23 21:25:22,2020-02-23 21:25:22,
1000079,2,09:00:00,23:00:00,2019-04-13 20:01:09,2019-04-13 20:01:09,
1000005,2,11:00:00,23:00:00,2018-11-23 13:44:52,2018-11-23 13:44:52,
1000035,2,05:00:00,23:00:00,2020-02-11 04:44:25,2020-02-11 04:44:25,
1000047,3,13:00:00,23:00:00,2021-04-18 22:51:28,2021-04-18 22:51:28,
1000033,3,09:00:00,23:00:00,2020-11-03 16:54:54,2020-11-03 16:54:54,
1000061,3,02:00:00,15:00:00,2018-03-18 13:28:15,2018-03-18 13:28:15,
1000102,3,05:00:00,23:00:00,2021-09-05 14:47:17,2021-09-05 14:47:17,
1000094,3,03:00:00,16:00:00,2019-08-15 21:59:01,2019-08-15 21:59:01,
1000036,3,04:00:00,23:00:00,2019-05-03 13:51:27,2019-05-03 13:51:27,
1000012,3,10:00:00,23:00:00,2021-06-18 02:40:39,2021-06-18 02:40:39,
1000031,3,11:00:00,23:00:00,2020-08-16 18:11:45,2020-08-16 18:11:45,
1000028,3,10:00:00,23:00:00,2020-07-20 22:05:47,2020-07-20 22:05:47,
1000027,3,04:00:00,19:00:00,2019-01-18 14:11:23,2019-01-18 14:11:23,
1000057,3,06:00:00,23:00:00,2020-12-21 05:18:48,2020-12-21 05:18:48,
1000032,3,09:00:00,23:00:00,2020-12-16 13:06:40,2020-12-16 13:06:40,
1000015,3,12:00:00,23:00:00,2021-12-04 05:13:47,2021-12-04 05:13:47,
1000001,3,12:00:00,23:00:00,2020-02-07 01:26:23,2020-02-07 01:26:23,
1000089,3,13:00:00,23:00:00,2021-09-21 00:55:04,2021-09-21 00:55:04,
1000084,3,02:00:00,21:00:00,2019-04-01 21:27:31,2019-04-01 21:27:31,
1000101,3,01:00:00,17:00:00,2021-10-17 03:07:00,2021-10-17 03:07:00,
1000095,3,12:00:00,23:00:00,2019-04-20 11:46:01,2019-04-20 11:46:01,
1000039,3,03:00:00,18:00:00,2019-07-18 06:05:52,2019-07-18 06:05:52,
1000076,3,06:00:00,21:00:00,2021-01-26 18:32:23,2021-01-26 18:32:23,
1000088,3,09:00:00,21:00:00,2021-01-24 03:25:42,2021-01-24 03:25:42,
1000004,3,06:00:00,23:00:00,2019-03-08 04:59:09,2019-03-08 04:59:09,
1000087,3,11:00:00,23:00:00,2018-03-26 07:30:30,2018-03-26 07:30:30,
1000067,3,02:00:00,14:00:00,2019-10-08 08:15:45,2019-10-08 08:15:45,
1000077,3,03:00:00,16:00:00,2019-11-01 08:04:16,2019-11-01 08:04:16,
1000023,3,13:00:00,23:00:00,2021-01-01 20:26:21,2021-01-01 20:26:21,
1000091,3,01:00:00,19:00:00,2020-11-22 09:30:22,2020-11-22 09:30:22,
1000026,3,00:00:00,18:00:00,2019-08-09 03:43:04,2019-08-09 03:43:04,
1000051,3,01:00:00,14:00:00,2021-05-18 19:30:50,2021-05-18 19:30:50,
1000106,3,07:00:00,23:00:00,2020-10-03 19:06:44,2020-10-03 19:06:44,
1000053,3,03:00:00,19:00:00,2019-01-29 14:34:11,2019-01-29 14:34:11,
1000058,3,03:00:00,23:00:00,2018-06-16 05:50:17,2018-06-16 05:50:17,
1000042,3,07:00:00,23:00:00,2021-04-26 15:28:47,2021-04-26 15:28:47,
1000054,3,07:00:00,23:00:00,2020-05-26 16:31:47,2020-05-26 16:31:47,
1000064,3,08:00:00,23:00:00,2019-12-14 09:58:49,2019-12-14 09:58:49,
1000017,3,03:00:00,19:00:00,2021-06-11 23:52:03,2021-06-11 23:52:03,
1000055,3,13:00:00,23:00:00,2021-02-20 15:38:43,2021-02-20 15:38:43,
1000040,3,12:00:00,23:00:00,2018-09-04 17:49:01,2018-09-04 17:49:01,
1000066,3,02:00:00,22:00:00,2020-12-10 06:29:25,2020-12-10 06:29:25,
1000083,3,13:00:00,23:00:00,2018-07-22 20:13:37,2018-07-22 20:13:37,
1000060,3,04:00:00,22:00:00,2021-09-12 21:38:17,2021-09-12 21:38:17,
1000024,3,09:00:00,23:00:00,2020-11-27 09:10:57,2020-11-27 09:10:57,
1000037,3,10:00:00,22:00:00,2020-03-24 23:35:37,2020-03-24 23:35:37,
1000025,3,05:00:00,21:00:00,2020-01-22 14:37:10,2020-01-22 14:37:10,
1000016,3,13:00:00,23:00:00,2019-06-18 03:55:25,2019-06-18 03:55:25,
1000104,3,05:00:00,17:00:00,2020-02-07 09:36:11,2020-02-07 09:36:11,
1000080,3,07:00:00,23:00:00,2021-12-12 20:45:02,2021-12-12 20:45:02,
1000078,3,06:00:00,23:00:00,2021-08-05 03:17:44,2021-08-05 03:17:44,
1000000,3,10:00:00,22:00:00,2021-11-09 02:07:14,2021-11-09 02:07:14,
1000074,3,04:00:00,18:00:00,2021-11-07 20:58:42,2021-11-07 20:58:42,
1000011,3,03:00:00,22:00:00,2021-12-13 20:25:51,2021-12-13 20:25:51,
1000046,3,00:00:00,20:00:00,2019-12-16 15:01:16,2019-12-16 15:01:16,
1000098,3,13:00:00,23:00:00,2021-07-05 23:22:32,2021-07-05 23:22:32,
1000075,3,05:00:00,23:00:00,2019-06-30 10:59:31,2019-06-30 10:59:31,
1000018,3,05:00:00,23:00:00,2018-10-26 02:06:23,2018-10-26 02:06:23,
1000043,3,04:00:00,19:00:00,2018-06-26 15:14:08,2018-06-26 15:14:08,
1000093,3,00:00:00,16:00:00,2019-05-27 21:18:50,2019-05-27 21:18:50,
1000092,3,09:00:00,21:00:00,2019-09-18 05:12:57,2019-09-18 05:12:57,
1000062,3,07:00:00,23:00:00,2020-01-28 14:35:13,2020-01-28 14:35:13,
1000044,3,12:00:00,23:00:00,2020-02-12 23:39:56,2020-02-12 23:39:56,
1000090,3,09:00:00,23:00:00,2021-04-02 03:42:42,2021-04-02 03:42:42,
1000014,3,10:00:00,23:00:00,2018-10-15 09:40:50,2018-10-15 09:40:50,
1000009,3,03:00:00,23:00:00,2018-04-14 19:03:35,2018-04-14 19:03:35,
1000038,3,00:00:00,17:00:00,2019-12-03 16:25:26,2019-12-03 16:25:26,
1000099,3,12:00:00,23:00:00,2020-12-20 06:25:41,2020-12-20 06:25:41,
1000029,3,08:00:00,23:00:00,2021-12-29 23:46:39,2021-12-29 23:46:39,
1000021,3,05:00:00,23:00:00,2020-05-17 10:58:07,2020-05-17 10:58:07,
1000041,3,12:00:00,23:00:00,2018-03-08 17:26:17,2018-03-08 17:26:17,
1000070,3,06:00:00,23:00:00,2019-12-09 11:47:46,2019-12-09 11:47:46,
1000002,3,00:00:00,15:00:00,2020-04-04 23:03:14,2020-04-04 23:03:14,
1000006,3,08:00:00,22:00:00,2020-03-31 02:11:09,2020-03-31 02:11:09,
1000073,3,11:00:00,23:00:00,2021-11-09 19:31:25,2021-11-09 19:31:25,
1000068,3,10:00:00,23:00:00,2020-04-14 00:02:45,2020-04-14 00:02:45,
1000010,3,05:00:00,23:00:00,2019-04-18 12:02:08,2019-04-18 12:02:08,
1000003,3,11:00:00,23:00:00,2018-10-24 20:34:55,2018-10-24 20:34:55,
1000100,3,08:00:00,23:00:00,2018-11-07 04:37:08,2018-11-07 04:37:08,
1000008,3,13:00:00,23:00:00,2020-05-19 09:29:14,2020-05-19 09:29:14,
1000007,3,08:00:00,23:00:00,2018-05-06 11:01:37,2018-05-06 11:01:37,
1000072,3,10:00:00,23:00:00,2021-02-02 17:00:45,2021-02-02 17:00:45,
1000022,3,13:00:00,23:00:00,2021-06-19 05:17:56,2021-06-19 05:17:56,
1000020,3,08:00:00,21:00:00,2018-02-26 01:15:59,2018-02-26 01:15:59,
1000052,3,00:00:00,14:00:00,2021-01-31 00:05:09,2021-01-31 00:05:09,
1000050,3,00:00:00,17:00:00,2019-06-23 13:48:37,2019-06-23 13:48:37,
1000086,3,05:00:00,23:00:00,2021-02-07 05:30:25,2021-02-07 05:30:25,
1000056,3,08:00:00,23:00:00,2019-07-29 08:30:18,2019-07-29 08:30:18,
1000105,3,07:00:00,23:00:00,2018-09-08 10:04:40,2018-09-08 10:04:40,
1000065,3,09:00:00,23:00:00,2021-01-27 00:01:09,2021-01-27 00:01:09,
1000019,3,11:00:00,23:00:00,2021-01-23 14:46:31,2021-01-23 14:46:31,
1000030,3,00:00:00,17:00:00,2020-02-21 23:47:55,2020-02-21 23:47:55,
1000085,3,13:00:00,23:00:00,2018-10-08 09:56:12,2018-10-08 09:56:12,
1000069,3,01:00:00,20:00:00,2018-10-24 03:21:32,2018-10-24 03:21:32,
1000096,3,04:00:00,21:00:00,2021-02-18 14:49:36,2021-02-18 14:49:36,
1000013,3,04:00:00,23:00:00,2021-01-02 21:49:02,2021-01-02 21:49:02,
1000097,3,00:00:00,17:00:00,2018-01-31 08:13:29,2018-01-31 08:13:29,
1000103,3,05:00:00,17:00:00,2018-12-14 00:03:19,2018-12-14 00:03:19,
1000049,3,07:00:00,23:00:00,2019-01-18 20:08:21,2019-01-18 20:08:21,
1000048,3,05:00:00,18:00:00,2019-03-13 04:12:41,2019-03-13 04:12:41,
1000063,3,09:00:00,23:00:00,2019-09-17 05:58:40,2019-09-17 05:58:40,
1000081,3,06:00:00,23:00:00,2020-08-03 20:28:43,2020-08-03 20:28:43,
1000082,3,09:00:00,21:00:00,2018-06-25 05:26:13,2018-06-25 05:26:13,
1000059,3,08:00:00,23:00:00,2021-03-11 08:53:08,2021-03-11 08:53:08,
1000045,3,13:00:00,23:00:00,2019-09-13 23:51:27,2019-09-13 23:51:27,
1000071,3,01:00:00,20:00:00,2018-08-13 22:25:17,2018-08-13 22:25:17,
1000034,3,00:00:00,18:00:00,2018-11-04 02:54:46,2018-11-04 02:54:46,
1000079,3,10:00:00,23:00:00,2019-11-23 14:01:47,2019-11-23 14:01:47,
1000005,3,13:00:00,23:00:00,2020-01-01 04:47:28,2020-01-01 04:47:28,
1000035,3,06:00:00,22:00:00,2018-06-28 14:56:34,2018-06-28 14:56:34,
1000047,4,02:00:00,17:00:00,2021-04-27 04:43:19,2021-04-27 04:43:19,
1000033,4,00:00:00,15:00:00,2020-05-19 22:05:36,2020-05-19 22:05:36,
1000061,4,10:00:00,23:00:00,2019-06-02 22:52:08,2019-06-02 22:52:08,
1000102,4,10:00:00,23:00:00,2021-05-13 12:05:36,2021-05-13 12:05:36,
1000094,4,01:00:00,19:00:00,2021-07-04 20:15:08,2021-07-04 20:15:08,
1000036,4,05:00:00,23:00:00,2019-02-23 15:50:57,2019-02-23 15:50:57,
1000012,4,05:00:00,23:00:00,2021-11-03 08:42:15,2021-11-03 08:42:15,
1000031,4,03:00:00,15:00:00,2021-05-10 06:06:21,2021-05-10 06:06:21,
1000028,4,03:00:00,17:00:00,2018-02-11 06:53:21,2018-02-11 06:53:21,
1000027,4,12:00:00,23:00:00,2020-12-19 08:58:54,2020-12-19 08:58:54,
1000057,4,13:00:00,23:00:00,2018-02-15 19:33:13,2018-02-15 19:33:13,
1000032,4,02:00:00,17:00:00,2019-04-25 03:28:47,2019-04-25 03:28:47,
1000015,4,01:00:00,13:00:00,2019-12-14 13:11:08,2019-12-14 13:11:08,
1000001,4,03:00:00,15:00:00,2020-01-23 09:55:45,2020-01-23 09:55:45,
1000089,4,10:00:00,23:00:00,2021-01-27 06:46:35,2021-01-27 06:46:35,
1000084,4,04:00:00,16:00:00,2020-10-30 17:47:41,2020-10-30 17:47:41,
1000101,4,08:00:00,21:00:00,2020-04-11 08:27:25,2020-04-11 08:27:25,
1000095,4,03:00:00,15:00:00,2021-05-25 16:50:17,2021-05-25 16:50:17,
1000039,4,11:00:00,23:00:00,2021-06-03 17:12:56,2021-06-03 17:12:56,
1000076,4,09:00:00,21:00:00,2021-05-07 11:30:22,2021-05-07 11:30:22,
1000088,4,13:00:00,23:00:00,2020-06-08 12:04:37,2020-06-08 12:04:37,
1000004,4,10:00:00,23:00:00,2020-04-07 03:32:26,2020-04-07 03:32:26,
1000087,4,00:00:00,19:00:00,2020-01-04 16:14:49,2020-01-04 16:14:49,
1000067,4,02:00:00,20:00:00,2018-09-02 12:10:23,2018-09-02 12:10:23,
1000077,4,02:00:00,20:00:00,2020-12-13 23:12:54,2020-12-13 23:12:54,
1000023,4,08:00:00,22:00:00,2018-01-21 10:44:41,2018-01-21 10:44:41,
1000091,4,06:00:00,23:00:00,2021-09-10 23:11:50,2021-09-10 23:11:50,
1000026,4,12:00:00,23:00:00,2018-05-14 05:18:42,2018-05-14 05:18:42,
1000051,4,11:00:00,23:00:00,2020-12-31 06:02:13,2020-12-31 06:02:13,
1000106,4,10:00:00,23:00:00,2019-05-11 21:00:39,2019-05-11 21:00:39,
1000053,4,01:00:00,15:00:00,2020-02-26 21:54:16,2020-02-26 21:54:16,
1000058,4,03:00:00,18:00:00,2018-12-28 12:51:48,2018-12-28 12:51:48,
1000042,4,09:00:00,23:00:00,2021-03-09 11:53:34,2021-03-09 11:53:34,
1000054,4,02:00:00,17:00:00,2021-03-05 04:45:33,2021-03-05 04:45:33,
1000064,4,07:00:00,23:00:00,2018-08-23 22:04:23,2018-08-23 22:04:23,
1000017,4,01:00:00,13:00:00,2020-12-25 20:29:17,2020-12-25 20:29:17,
1000055,4,00:00:00,20:00:00,2021-01-03 15:59:43,2021-01-03 15:59:43,
1000040,4,01:00:00,15:00:00,2020-07-30 05:27:03,2020-07-30 05:27:03,
1000066,4,02:00:00,22:00:00,2020-11-14 19:42:53,2020-11-14 19:42:53,
1000083,4,04:00:00,21:00:00,2020-01-26 08:40:36,2020-01-26 08:40:36,
1000060,4,09:00:00,23:00:00,2020-08-23 05:38:38,2020-08-23 05:38:38,
1000024,4,07:00:00,19:00:00,2020-03-25 05:56:52,2020-03-25 05:56:52,
1000037,4,12:00:00,23:00:00,2019-12-04 12:53:47,2019-12-04 12:53:47,
1000025,4,05:00:00,23:00:00,2021-07-25 08:00:16,2021-07-25 08:00:16,
1000016,4,01:00:00,16:00:00,2020-08-22 23:36:59,2020-08-22 23:36:59,
1000104,4,03:00:00,15:00:00,2019-04-04 21:48:52,2019-04-04 21:48:52,
1000080,4,09:00:00,23:00:00,2020-09-05 17:25:33,2020-09-05 17:25:33,
1000078,4,09:00:00,23:00:00,2020-08-30 09:44:29,2020-08-30 09:44:29,
1000000,4,12:00:00,23:00:00,2019-01-26 19:40:46,2019-01-26 19:40:46,
1000074,4,07:00:00,22:00:00,2020-07-14 05:45:35,2020-07-14 05:45:35,
1000011,4,00:00:00,18:00:00,2019-07-24 18:40:48,2019-07-24 18:40:48,
1000046,4,00:00:00,13:00:00,2021-12-31 11:37:31,2021-12-31 11:37:31,
1000098,4,05:00:00,20:00:00,2021-10-07 15:47:39,2021-10-07 15:47:39,
1000075,4,02:00:00,18:00:00,2019-09-19 19:42:56,2019-09-19 19:42:56,
1000018,4,11:00:00,23:00:00,2020-06-23 08:34:11,2020-06-23 08:34:11,
1000043,4,07:00:00,23:00:00,2018-12-22 12:31:05,2018-12-22 12:31:05,
1000093,4,11:00:00,23:00:00,2018-03-01 13:51:55,2018-03-01 13:51:55,
1000092,4,08:00:00,23:00:00,2018-10-28 07:08:28,2018-10-28 07:08:28,
1000062,4,03:00:00,15:00:00,2019-06-24 06:46:21,2019-06-24 06:46:21,
1000044,4,08:00:00,23:00:00,2021-11-04 16:24:09,2021-11-04 16:24:09,
1000090,4,04:00:00,21:00:00,2019-10-16 07:03:28,2019-10-16 07:03:28,
1000014,4,00:00:00,18:00:00,2020-03-14 03:50:42,2020-03-14 03:50:42,
1000009,4,07:00:00,19:00:00,2018-02-22 20:06:55,2018-02-22 20:06:55,
1000038,4,07:00:00,21:00:00,2019-02-24 07:20:43,2019-02-24 07:20:43,
1000099,4,06:00:00,23:00:00,2020-04-26 03:37:37,2020-04-26 03:37:37,
1000029,4,12:00:00,23:00:00,2018-05-04 00:22:12,2018-05-04 00:22:12,
1000021,4,02:00:00,22:00:00,2018-08-24 00:52:52,2018-08-24 00:52:52,
1000041,4,01:00:00,21:00:00,2018-07-13 04:30:19,2018-07-13 04:30:19,
1000070,4,04:00:00,21:00:00,2021-12-03 23:24:16,2021-12-03 23:24:16,
1000002,4,05:00:00,23:00:00,2019-01-26 06:43:52,2019-01-26 06:43:52,
1000006,4,00:00:00,20:00:00,2021-03-04 20:59:06,2021-03-04 20:59:06,
1000073,4,05:00:00,23:00:00,2021-10-07 01:56:47,2021-10-07 01:56:47,
1000068,4,05:00:00,23:00:00,2021-11-08 19:11:44,2021-11-08 19:11:44,
1000010,4,09:00:00,21:00:00,2019-07-13 16:18:25,2019-07-13 16:18:25,
1000003,4,10:00:00,23:00:00,2021-06-23 09:20:17,2021-06-23 09:20:17,
1000100,4,10:00:00,23:00:00,2019-12-18 12:21:00,2019-12-18 12:21:00,
1000008,4,12:00:00,23:00:00,2019-07-11 18:36:40,2019-07-11 18:36:40,
1000007,4,10:00:00,23:00:00,2021-09-06 22:26:00,2021-09-06 22:26:00,
1000072,4,05:00:00,23:00:00,2020-10-11 01:52:39,2020-10-11 01:52:39,
1000022,4,01:00:00,21:00:00,2020-02-09 03:22:40,2020-02-09 03:22:40,
1000020,4,08:00:00,23:00:00,2020-02-10 00:55:48,2020-02-10 00:55:48,
1000052,4,12:00:00,23:00:00,2020-11-05 02:46:34,2020-11-05 02:46:34,
1000050,4,06:00:00,18:00:00,2019-08-03 12:21:10,2019-08-03 12:21:10,
1000086,4,06:00:00,23:00:00,2018-09-14 12:41:30,2018-09-14 12:41:30,
1000056,4,11:00:00,23:00:00,2019-06-29 01:22:34,2019-06-29 01:22:34,
1000105,4,02:00:00,19:00:00,2021-03-30 14:04:00,2021-03-30 14:04:00,
1000065,4,06:00:00,23:00:00,2020-11-16 03:53:17,2020-11-16 03:53:17,
1000019,4,01:00:00,19:00:00,2019-08-20 03:45:51,2019-08-20 03:45:51,
1000030,4,11:00:00,23:00:00,2020-05-29 23:37:31,2020-05-29 23:37:31,
1000085,4,04:00:00,17:00:00,2021-03-11 19:42:30,2021-03-11 19:42:30,
1000069,4,10:00:00,23:00:00,2020-09-27 00:02:41,2020-09-27 00:02:41,
1000096,4,01:00:00,17:00:00,2021-02-02 15:16:27,2021-02-02 15:16:27,
1000013,4,00:00:00,13:00:00,2018-06-29 18:04:55,2018-06-29 18:04:55,
1000097,4,05:00:00,17:00:00,2020-04-02 15:14:30,2020-04-02 15:14:30,
1000103,4,00:00:00,19:00:00,2018-07-20 18:08:43,2018-07-20 18:08:43,
1000049,4,10:00:00,23:00:00,2018-07-21 19:17:23,2018-07-21 19:17:23,
1000048,4,00:00:00,19:00:00,2020-09-10 18:22:30,2020-09-10 18:22:30,
1000063,4,03:00:00,15:00:00,2018-09-05 06:30:45,2018-09-05 06:30:45,
1000081,4,13:00:00,23:00:00,2020-04-08 17:56:27,2020-04-08 17:56:27,
1000082,4,12:00:00,23:00:00,2021-07-03 07:25:55,2021-07-03 07:25:55,
1000059,4,02:00:00,19:00:00,2020-12-02 00:20:11,2020-12-02 00:20:11,
1000045,4,00:00:00,17:00:00,2019-08-25 16:42:18,2019-08-25 16:42:18,
1000071,4,13:00:00,23:00:00,2019-04-23 17:17:59,2019-04-23 17:17:59,
1000034,4,13:00:00,23:00:00,2021-03-18 10:25:28,2021-03-18 10:25:28,
1000079,4,07:00:00,23:00:00,2018-12-06 00:09:26,2018-12-06 00:09:26,
1000005,4,01:00:00,17:00:00,2018-06-15 11:07:41,2018-06-15 11:07:41,
1000035,4,13:00:00,23:00:00,2018-07-19 08:44:30,2018-07-19 08:44:30,
1000047,5,09:00:00,23:00:00,2019-01-25 15:23:31,2019-01-25 15:23:31,
1000033,5,05:00:00,19:00:00,2019-10-02 02:21:57,2019-10-02 02:21:57,
1000061,5,01:00:00,18:00:00,2018-02-08 00:46:55,2018-02-08 00:46:55,
1000102,5,06:00:00,18:00:00,2018-04-29 18:22:52,2018-04-29 18:22:52,
1000094,5,06:00:00,23:00:00,2020-10-18 17:49:58,2020-10-18 17:49:58,
1000036,5,06:00:00,19:00:00,2021-08-22 21:09:57,2021-08-22 21:09:57,
1000012,5,04:00:00,22:00:00,2018-09-09 18:15:17,2018-09-09 18:15:17,
1000031,5,12:00:00,23:00:00,2019-03-10 20:57:48,2019-03-10 20:57:48,
1000028,5,00:00:00,12:00:00,2019-12-31 01:33:58,2019-12-31 01:33:58,
1000027,5,09:00:00,23:00:00,2018-08-11 13:43:00,2018-08-11 13:43:00,
1000057,5,12:00:00,23:00:00,2018-09-13 23:23:49,2018-09-13 23:23:49,
1000032,5,04:00:00,22:00:00,2021-06-20 20:57:18,2021-06-20 20:57:18,
1000015,5,00:00:00,14:00:00,2020-09-06 14:46:44,2020-09-06 14:46:44,
1000001,5,08:00:00,22:00:00,2020-02-12 15:45:30,2020-02-12 15:45:30,
1000089,5,10:00:00,23:00:00,2019-04-08 13:08:36,2019-04-08 13:08:36,
1000084,5,11:00:00,23:00:00,2018-01-10 01:51:10,2018-01-10 01:51:10,
1000101,5,13:00:00,23:00:00,2020-03-30 19:30:24,2020-03-30 19:30:24,
1000095,5,13:00:00,23:00:00,2019-01-25 15:41:01,2019-01-25 15:41:01,
1000039,5,10:00:00,23:00:00,2021-05-05 14:55:13,2021-05-05 14:55:13,
1000076,5,06:00:00,22:00:00,2018-07-28 03:19:54,2018-07-28 03:19:54,
1000088,5,11:00:00,23:00:00,2020-06-13 13:33:22,2020-06-13 13:33:22,
1000004,5,12:00:00,23:00:00,2021-07-26 11:07:39,2021-07-26 11:07:39,
1000087,5,01:00:00,20:00:00,2021-07-07 02:43:33,2021-07-07 02:43:33,
1000067,5,11:00:00,23:00:00,2019-06-04 11:54:00,2019-06-04 11:54:00,
1000077,5,06:00:00,23:00:00,2019-10-19 05:41:08,2019-10-19 05:41:08,
1000023,5,00:00:00,14:00:00,2021-07-12 20:53:33,2021-07-12 20:53:33,
1000091,5,09:00:00,23:00:00,2018-01-20 18:07:41,2018-01-20 18:07:41,
1000026,5,06:00:00,19:00:00,2020-09-03 02:42:06,2020-09-03 02:42:06,
1000051,5,07:00:00,23:00:00,2018-08-04 09:26:37,2018-08-04 09:26:37,
1000106,5,09:00:00,22:00:00,2018-11-16 17:56:11,2018-11-16 17:56:11,
1000053,5,13:00:00,23:00:00,2020-09-19 07:14:42,2020-09-19 07:14:42,
1000058,5,02:00:00,19:00:00,2018-05-03 00:36:53,2018-05-03 00:36:53,
1000042,5,09:00:00,23:00:00,2019-02-05 05:31:03,2019-02-05 05:31:03,
1000054,5,06:00:00,22:00:00,2020-07-07 21:32:34,2020-07-07 21:32:34,
1000064,5,07:00:00,21:00:00,2018-04-20 23:35:00,2018-04-20 23:35:00,
1000017,5,02:00:00,16:00:00,2018-06-22 20:37:50,2018-06-22 20:37:50,
1000055,5,10:00:00,23:00:00,2018-07-13 19:08:25,2018-07-13 19:08:25,
1000040,5,10:00:00,22:00:00,2019-03-16 10:46:24,2019-03-16 10:46:24,
1000066,5,09:00:00,23:00:00,2018-10-14 23:29:08,2018-10-14 23:29:08,
1000083,5,00:00:00,17:00:00,2020-04-02 08:58:48,2020-04-02 08:58:48,
1000060,5,12:00:00,23:00:00,2021-12-09 17:42:17,2021-12-09 17:42:17,
1000024,5,13:00:00,23:00:00,2021-02-16 05:21:58,2021-02-16 05:21:58,
1000037,5,05:00:00,23:00:00,2020-06-21 21:47:45,2020-06-21 21:47:45,
1000025,5,02:00:00,19:00:00,2019-03-06 14:58:41,2019-03-06 14:58:41,
1000016,5,02:00:00,16:00:00,2021-03-18 09:57:45,2021-03-18 09:57:45,
1000104,5,10:00:00,23:00:00,2018-05-11 13:14:33,2018-05-11 13:14:33,
1000080,5,06:00:00,23:00:00,2019-12-25 18:25:37,2019-12-25 18:25:37,
1000078,5,02:00:00,18:00:00,2021-10-15 00:06:47,2021-10-15 00:06:47,
1000000,5,02:00:00,18:00:00,2018-01-09 16:50:37,2018-01-09 16:50:37,
1000074,5,01:00:00,15:00:00,2020-01-20 14:32:48,2020-01-20 14:32:48,
1000011,5,10:00:00,23:00:00,2020-12-08 17:36:43,2020-12-08 17:36:43,
1000046,5,08:00:00,20:00:00,2019-03-03 16:55:20,2019-03-03 16:55:20,
1000098,5,10:00:00,23:00:00,2020-09-21 22:38:31,2020-09-21 22:38:31,
1000075,5,02:00:00,20:00:00,2018-08-22 16:04:01,2018-08-22 16:04:01,
1000018,5,02:00:00,14:00:00,2021-08-27 08:10:09,2021-08-27 08:10:09,
1000043,5,08:00:00,23:00:00,2021-01-27 01:45:49,2021-01-27 01:45:49,
1000093,5,06:00:00,19:00:00,2019-02-16 01:13:51,2019-02-16 01:13:51,
1000092,5,12:00:00,23:00:00,2020-11-15 03:00:26,2020-11-15 03:00:26,
1000062,5,09:00:00,22:00:00,2020-05-07 23:00:17,2020-05-07 23:00:17,
1000044,5,08:00:00,23:00:00,2018-06-11 03:59:09,2018-06-11 03:59:09,
1000090,5,09:00:00,22:00:00,2021-11-09 23:05:43,2021-11-09 23:05:43,
1000014,5,08:00:00,22:00:00,2019-05-30 01:39:48,2019-05-30 01:39:48,
1000009,5,06:00:00,22:00:00,2020-02-19 04:32:34,2020-02-19 04:32:34,
1000038,5,03:00:00,16:00:00,2021-05-07 09:11:23,2021-05-07 09:11:23,
1000099,5,09:00:00,23:00:00,2019-08-25 04:09:18,2019-08-25 04:09:18,
1000029,5,09:00:00,23:00:00,2020-05-06 10:47:35,2020-05-06 10:47:35,
1000021,5,08:00:00,22:00:00,2018-03-21 07:59:48,2018-03-21 07:59:48,
1000041,5,10:00:00,23:00:00,2020-02-03 20:41:30,2020-02-03 20:41:30,
1000070,5,09:00:00,23:00:00,2018-02-15 19:25:41,2018-02-15 19:25:41,
1000002,5,05:00:00,23:00:00,2021-10-20 00:57:32,2021-10-20 00:57:32,
1000006,5,08:00:00,23:00:00,2021-03-31 05:35:07,2021-03-31 05:35:07,
1000073,5,04:00:00,21:00:00,2020-05-14 09:34:44,2020-05-14 09:34:44,
1000068,5,05:00:00,20:00:00,2021-02-21 03:13:37,2021-02-21 03:13:37,
1000010,5,09:00:00,23:00:00,2020-04-17 23:58:02,2020-04-17 23:58:02,
1000003,5,11:00:00,23:00:00,2021-10-04 00:46:55,2021-10-04 00:46:55,
1000100,5,05:00:00,22:00:00,2019-10-13 14:13:07,2019-10-13 14:13:07,
1000008,5,01:00:00,16:00:00,2018-07-05 08:56:40,2018-07-05 08:56:40,
1000007,5,13:00:00,23:00:00,2018-06-11 13:54:22,2018-06-11 13:54:22,
1000072,5,11:00:00,23:00:00,2019-11-29 11:46:12,2019-11-29 11:46:12,
1000022,5,08:00:00,20:00:00,2020-01-10 15:45:46,2020-01-10 15:45:46,
1000020,5,04:00:00,16:00:00,2021-02-21 03:23:09,2021-02-21 03:23:09,
1000052,5,06:00:00,23:00:00,2019-12-29 13:25:10,2019-12-29 13:25:10,
1000050,5,10:00:00,23:00:00,2020-12-07 01:12:39,2020-12-07 01:12:39,
1000086,5,02:00:00,20:00:00,2018-05-11 17:36:38,2018-05-11 17:36:38,
1000056,5,09:00:00,23:00:00,2018-11-01 17:20:53,2018-11-01 17:20:53,
1000105,5,12:00:00,23:00:00,2019-05-08 05:56:06,2019-05-08 05:56:06,
1000065,5,11:00:00,23:00:00,2021-09-30 16:00:48,2021-09-30 16:00:48,
1000019,5,13:00:00,23:00:00,2018-02-21 17:37:06,2018-02-21 17:37:06,
1000030,5,09:00:00,23:00:00,2018-12-18 14:58:42,2018-12-18 14:58:42,
1000085,5,05:00:00,23:00:00,2021-05-23 12:11:07,2021-05-23 12:11:07,
1000069,5,05:00:00,22:00:00,2021-08-08 22:58:23,2021-08-08 22:58:23,
1000096,5,10:00:00,23:00:00,2020-07-27 22:34:19,2020-07-27 22:34:19,
1000013,5,07:00:00,23:00:00,2019-08-22 08:15:47,2019-08-22 08:15:47,
1000097,5,03:00:00,20:00:00,2021-02-09 22:42:44,2021-02-09 22:42:44,
1000103,5,09:00:00,23:00:00,2019-09-14 21:40:43,2019-09-14 21:40:43,
1000049,5,04:00:00,23:00:00,2021-04-20 19:34:09,2021-04-20 19:34:09,
1000048,5,08:00:00,22:00:00,2019-08-01 21:18:47,2019-08-01 21:18:47,
1000063,5,10:00:00,23:00:00,2021-04-28 13:10:09,2021-04-28 13:10:09,
1000081,5,03:00:00,19:00:00,2020-01-14 13:30:21,2020-01-14 13:30:21,
1000082,5,01:00:00,14:00:00,2021-09-30 16:45:50,2021-09-30 16:45:50,
1000059,5,04:00:00,23:00:00,2019-09-20 05:45:56,2019-09-20 05:45:56,
1000045,5,11:00:00,23:00:00,2018-03-04 21:12:08,2018-03-04 21:12:08,
1000071,5,01:00:00,13:00:00,2020-02-09 13:54:57,2020-02-09 13:54:57,
1000034,5,02:00:00,17:00:00,2020-05-16 18:16:57,2020-05-16 18:16:57,
1000079,5,13:00:00,23:00:00,2021-03-02 22:57:09,2021-03-02 22:57:09,
1000005,5,10:00:00,23:00:00,2020-05-11 03:01:09,2020-05-11 03:01:09,
1000035,5,13:00:00,23:00:00,2018-12-09 18:59:40,2018-12-09 18:59:40,
1000047,6,13:00:00,23:00:00,2018-02-23 08:24:03,2018-02-23 08:24:03,
1000033,6,02:00:00,17:00:00,2021-12-20 00:59:28,2021-12-20 00:59:28,
1000061,6,11:00:00,23:00:00,2019-09-24 16:22:05,2019-09-24 16:22:05,
1000102,6,01:00:00,19:00:00,2019-10-11 03:45:27,2019-10-11 03:45:27,
1000094,6,04:00:00,18:00:00,2021-08-22 02:55:01,2021-08-22 02:55:01,
1000036,6,08:00:00,23:00:00,2021-10-31 22:27:01,2021-10-31 22:27:01,
1000012,6,01:00:00,13:00:00,2019-11-12 20:00:26,2019-11-12 20:00:26,
1000031,6,00:00:00,12:00:00,2021-03-04 14:45:34,2021-03-04 14:45:34,
1000028,6,09:00:00,23:00:00,2021-06-07 07:39:58,2021-06-07 07:39:58,
1000027,6,02:00:00,20:00:00,2021-03-31 17:52:53,2021-03-31 17:52:53,
1000057,6,03:00:00,23:00:00,2018-11-26 17:26:29,2018-11-26 17:26:29,
1000032,6,04:00:00,19:00:00,2021-05-17 00:46:01,2021-05-17 00:46:01,
1000015,6,13:00:00,23:00:00,2020-10-01 01:56:18,2020-10-01 01:56:18,
1000001,6,07:00:00,23:00:00,2019-05-27 03:49:35,2019-05-27 03:49:35,
1000089,6,05:00:00,23:00:00,2021-09-13 18:45:38,2021-09-13 18:45:38,
1000084,6,05:00:00,23:00:00,2021-07-25 19:29:28,2021-07-25 19:29:28,
1000101,6,00:00:00,16:00:00,2019-06-27 14:21:17,2019-06-27 14:21:17,
1000095,6,10:00:00,23:00:00,2021-12-02 06:14:48,2021-12-02 06:14:48,
1000039,6,01:00:00,21:00:00,2020-07-10 15:49:25,2020-07-10 15:49:25,
1000076,6,02:00:00,16:00:00,2019-01-09 13:45:50,2019-01-09 13:45:50,
1000088,6,13:00:00,23:00:00,2019-03-28 07:58:43,2019-03-28 07:58:43,
1000004,6,08:00:00,23:00:00,2020-08-02 10:19:46,2020-08-02 10:19:46,
1000087,6,12:00:00,23:00:00,2019-05-22 02:54:03,2019-05-22 02:54:03,
1000067,6,02:00:00,17:00:00,2019-06-23 06:38:05,2019-06-23 06:38:05,
1000077,6,09:00:00,23:00:00,2021-11-07 03:25:12,2021-11-07 03:25:12,
1000023,6,03:00:00,22:00:00,2020-05-22 00:39:21,2020-05-22 00:39:21,
1000091,6,13:00:00,23:00:00,2018-07-18 15:58:35,2018-07-18 15:58:35,
1000026,6,00:00:00,13:00:00,2021-04-27 11:02:10,2021-04-27 11:02:10,
1000051,6,13:00:00,23:00:00,2019-12-12 21:52:00,2019-12-12 21:52:00,
1000106,6,05:00:00,23:00:00,2021-12-02 03:07:52,2021-12-02 03:07:52,
1000053,6,06:00:00,23:00:00,2020-11-06 13:45:56,2020-11-06 13:45:56,
1000058,6,04:00:00,19:00:00,2019-10-09 23:50:49,2019-10-09 23:50:49,
1000042,6,06:00:00,21:00:00,2018-02-11 03:44:53,2018-02-11 03:44:53,
1000054,6,13:00:00,23:00:00,2019-05-19 19:51:54,2019-05-19 19:51:54,
1000064,6,08:00:00,21:00:00,2021-07-24 07:31:18,2021-07-24 07:31:18,
1000017,6,06:00:00,23:00:00,2019-04-17 22:06:00,2019-04-17 22:06:00,
1000055,6,13:00:00,23:00:00,2019-01-06 13:05:07,2019-01-06 13:05:07,
1000040,6,13:00:00,23:00:00,2021-07-26 05:22:22,2021-07-26 05:22:22,
1000066,6,08:00:00,23:00:00,2019-06-19 06:42:47,2019-06-19 06:42:47,
1000083,6,07:00:00,23:00:00,2019-05-09 17:06:12,2019-05-09 17:06:12,
1000060,6,01:00:00,20:00:00,2020-09-22 02:10:07,2020-09-22 02:10:07,
1000024,6,01:00:00,19:00:00,2018-11-27 19:07:40,2018-11-27 19:07:40,
1000037,6,05:00:00,20:00:00,2019-10-31 08:58:03,2019-10-31 08:58:03,
1000025,6,09:00:00,23:00:00,2019-10-29 10:11:07,2019-10-29 10:11:07,
1000016,6,01:00:00,13:00:00,2018-01-01 19:47:27,2018-01-01 19:47:27,
1000104,6,05:00:00,23:00:00,2020-06-10 18:53:52,2020-06-10 18:53:52,
1000080,6,13:00:00,23:00:00,2020-08-23 14:01:01,2020-08-23 14:01:01,
1000078,6,13:00:00,23:00:00,2019-04-12 20:46:56,2019-04-12 20:46:56,
1000000,6,04:00:00,19:00:00,2019-02-24 09:55:38,2019-02-24 09:55:38,
1000074,6,03:00:00,17:00:00,2020-08-29 22:38:06,2020-08-29 22:38:06,
1000011,6,05:00:00,21:00:00,2021-08-30 09:54:43,2021-08-30 09:54:43,
1000046,6,05:00:00,18:00:00,2019-09-22 20:48:58,2019-09-22 20:48:58,
1000098,6,03:00:00,23:00:00,2020-01-25 19:23:54,2020-01-25 19:23:54,
1000075,6,00:00:00,18:00:00,2019-05-12 23:54:28,2019-05-12 23:54:28,
1000018,6,05:00:00,23:00:00,2018-11-29 07:58:11,2018-11-29 07:58:11,
1000043,6,09:00:00,23:00:00,2020-07-15 12:30:24,2020-07-15 12:30:24,
1000093,6,13:00:00,23:00:00,2018-11-07 11:13:55,2018-11-07 11:13:55,
1000092,6,07:00:00,23:00:00,2019-11-17 18:24:29,2019-11-17 18:24:29,
1000062,6,09:00:00,23:00:00,2018-02-23 09:34:05,2018-02-23 09:34:05,
1000044,6,12:00:00,23:00:00,2018-11-13 12:17:44,2018-11-13 12:17:44,
1000090,6,03:00:00,21:00:00,2020-07-16 12:38:45,2020-07-16 12:38:45,
1000014,6,10:00:00,23:00:00,2021-06-24 06:38:29,2021-06-24 06:38:29,
1000009,6,03:00:00,23:00:00,2018-08-31 19:26:21,2018-08-31 19:26:21,
1000038,6,09:00:00,23:00:00,2021-10-22 07:36:37,2021-10-22 07:36:37,
1000099,6,01:00:00,21:00:00,2020-05-31 17:39:47,2020-05-31 17:39:47,
1000029,6,10:00:00,23:00:00,2018-11-29 09:26:33,2018-11-29 09:26:33,
1000021,6,11:00:00,23:00:00,2020-01-14 19:30:13,2020-01-14 19:30:13,
1000041,6,00:00:00,18:00:00,2021-03-20 20:51:38,2021-03-20 20:51:38,
1000070,6,09:00:00,23:00:00,2020-05-11 14:07:08,2020-05-11 14:07:08,
1000002,6,08:00:00,23:00:00,2019-03-12 04:44:11,2019-03-12 04:44:11,
1000006,6,11:00:00,23:00:00,2019-04-04 01:20:49,2019-04-04 01:20:49,
1000073,6,07:00:00,19:00:00,2019-02-20 18:55:09,2019-02-20 18:55:09,
1000068,6,06:00:00,23:00:00,2018-09-09 19:01:47,2018-09-09 19:01:47,
1000010,6,01:00:00,17:00:00,2021-05-15 15:37:45,2021-05-15 15:37:45,
1000003,6,08:00:00,23:00:00,2021-10-28 05:17:50,2021-10-28 05:17:50,
1000100,6,13:00:00,23:00:00,2018-06-03 17:00:26,2018-06-03 17:00:26,
1000008,6,08:00:00,23:00:00,2018-02-24 07:59:16,2018-02-24 07:59:16,
1000007,6,05:00:00,20:00:00,2021-10-24 01:56:21,2021-10-24 01:56:21,
1000072,6,10:00:00,23:00:00,2021-12-19 18:14:49,2021-12-19 18:14:49,
1000022,6,01:00:00,20:00:00,2021-03-05 02:10:59,2021-03-05 02:10:59,
1000020,6,13:00:00,23:00:00,2020-10-03 12:13:13,2020-10-03 12:13:13,
1000052,6,04:00:00,17:00:00,2021-05-17 06:47:12,2021-05-17 06:47:12,
1000050,6,03:00:00,23:00:00,2021-04-01 15:15:26,2021-04-01 15:15:26,
1000086,6,11:00:00,23:00:00,2020-12-25 23:51:04,2020-12-25 23:51:04,
1000056,6,07:00:00,21:00:00,2021-03-23 22:33:39,2021-03-23 22:33:39,
1000105,6,03:00:00,20:00:00,2021-12-23 17:27:36,2021-12-23 17:27:36,
1000065,6,11:00:00,23:00:00,2018-09-24 21:34:56,2018-09-24 21:34:56,
1000019,6,06:00:00,21:00:00,2021-07-13 22:47:35,2021-07-13 22:47:35,
1000030,6,01:00:00,15:00:00,2019-06-29 01:42:22,2019-06-29 01:42:22,
1000085,6,06:00:00,23:00:00,2018-01-27 14:04:14,2018-01-27 14:04:14,
1000069,6,10:00:00,23:00:00,2021-09-14 23:23:38,2021-09-14 23:23:38,
1000096,6,08:00:00,23:00:00,2020-07-20 01:56:52,2020-07-20 01:56:52,
1000013,6,08:00:00,23:00:00,2019-08-02 05:28:06,2019-08-02 05:28:06,
1000097,6,06:00:00,19:00:00,2019-08-19 19:17:54,2019-08-19 19:17:54,
1000103,6,06:00:00,23:00:00,2018-03-28 19:15:58,2018-03-28 19:15:58,
1000049,6,04:00:00,20:00:00,2020-11-01 16:00:46,2020-11-01 16:00:46,
1000048,6,00:00:00,19:00:00,2018-03-16 09:19:45,2018-03-16 09:19:45,
1000063,6,04:00:00,23:00:00,2018-02-06 16:40:38,2018-02-06 16:40:38,
1000081,6,12:00:00,23:00:00,2021-09-14 00:31:52,2021-09-14 00:31:52,
1000082,6,12:00:00,23:00:00,2021-12-10 03:20:11,2021-12-10 03:20:11,
1000059,6,05:00:00,19:00:00,2019-08-14 23:23:39,2019-08-14 23:23:39,
1000045,6,01:00:00,19:00:00,2020-05-14 02:52:07,2020-05-14 02:52:07,
1000071,6,03:00:00,23:00:00,2020-11-16 19:29:57,2020-11-16 19:29:57,
1000034,6,04:00:00,23:00:00,2019-09-18 01:35:07,2019-09-18 01:35:07,
1000079,6,10:00:00,23:00:00,2020-08-17 07:14:08,2020-08-17 07:14:08,
1000005,6,05:00:00,23:00:00,2020-07-17 05:16:24,2020-07-17 05:16:24,
1000035,6,12:00:00,23:00:00,2021-11-06 09:30:35,2021-11-06 09:30:35,
1000047,7,10:00:00,23:00:00,2021-06-02 13:45:26,2021-06-02 13:45:26,
1000033,7,01:00:00,13:00:00,2018-03-13 18:22:22,2018-03-13 18:22:22,
1000061,7,02:00:00,18:00:00,2020-07-25 07:36:26,2020-07-25 07:36:26,
1000102,7,05:00:00,23:00:00,2019-04-17 17:04:50,2019-04-17 17:04:50,
1000094,7,01:00:00,14:00:00,2021-12-31 08:09:36,2021-12-31 08:09:36,
1000036,7,05:00:00,23:00:00,2021-12-20 17:13:03,2021-12-20 17:13:03,
1000012,7,11:00:00,23:00:00,2021-03-12 06:34:34,2021-03-12 06:34:34,
1000031,7,12:00:00,23:00:00,2021-04-14 04:53:56,2021-04-14 04:53:56,
1000028,7,03:00:00,16:00:00,2018-09-08 08:17:32,2018-09-08 08:17:32,
1000027,7,05:00:00,18:00:00,2018-12-24 10:23:53,2018-12-24 10:23:53,
1000057,7,00:00:00,14:00:00,2021-09-10 00:59:43,2021-09-10 00:59:43,
1000032,7,05:00:00,20:00:00,2021-03-05 21:14:40,2021-03-05 21:14:40,
1000015,7,07:00:00,23:00:00,2019-07-05 06:18:48,2019-07-05 06:18:48,
1000001,7,10:00:00,23:00:00,2021-03-20 09:37:02,2021-03-20 09:37:02,
1000089,7,10:00:00,22:00:00,2020-11-08 14:19:11,2020-11-08 14:19:11,
1000084,7,13:00:00,23:00:00,2020-03-08 15:54:54,2020-03-08 15:54:54,
1000101,7,08:00:00,23:00:00,2018-09-09 03:59:13,2018-09-09 03:59:13,
1000095,7,08:00:00,20:00:00,2021-07-14 16:52:55,2021-07-14 16:52:55,
1000039,7,06:00:00,23:00:00,2019-02-02 19:47:34,2019-02-02 19:47:34,
1000076,7,08:00:00,23:00:00,2020-05-26 09:28:55,2020-05-26 09:28:55,
1000088,7,03:00:00,19:00:00,2019-07-13 01:07:00,2019-07-13 01:07:00,
1000004,7,03:00:00,16:00:00,2020-04-30 22:23:35,2020-04-30 22:23:35,
1000087,7,03:00:00,16:00:00,2021-01-12 12:13:53,2021-01-12 12:13:53,
1000067,7,09:00:00,23:00:00,2018-11-08 19:52:33,2018-11-08 19:52:33,
1000077,7,04:00:00,17:00:00,2020-09-18 18:39:34,2020-09-18 18:39:34,
1000023,7,01:00:00,16:00:00,2021-02-09 01:21:40,2021-02-09 01:21:40,
1000091,7,00:00:00,20:00:00,2020-12-17 19:28:33,2020-12-17 19:28:33,
1000026,7,11:00:00,23:00:00,2018-03-08 04:53:51,2018-03-08 04:53:51,
1000051,7,08:00:00,23:00:00,2018-03-26 20:42:18,2018-03-26 20:42:18,
1000106,7,13:00:00,23:00:00,2020-05-06 07:38:57,2020-05-06 07:38:57,
1000053,7,04:00:00,16:00:00,2020-12-23 18:36:37,2020-12-23 18:36:37,
1000058,7,08:00:00,23:00:00,2019-12-01 19:46:45,2019-12-01 19:46:45,
1000042,7,12:00:00,23:00:00,2019-11-13 11:20:23,2019-11-13 11:20:23,
1000054,7,06:00:00,21:00:00,2021-05-27 20:35:58,2021-05-27 20:35:58,
1000064,7,04:00:00,18:00:00,2020-02-07 14:53:08,2020-02-07 14:53:08,
1000017,7,03:00:00,23:00:00,2021-11-02 14:37:27,2021-11-02 14:37:27,
1000055,7,07:00:00,19:00:00,2018-08-03 16:08:03,2018-08-03 16:08:03,
1000040,7,07:00:00,21:00:00,2018-03-10 00:46:43,2018-03-10 00:46:43,
1000066,7,09:00:00,23:00:00,2019-02-11 00:49:48,2019-02-11 00:49:48,
1000083,7,03:00:00,16:00:00,2019-09-01 14:47:42,2019-09-01 14:47:42,
1000060,7,04:00:00,17:00:00,2018-11-05 23:56:29,2018-11-05 23:56:29,
1000024,7,02:00:00,20:00:00,2021-10-31 02:52:04,2021-10-31 02:52:04,
1000037,7,04:00:00,19:00:00,2019-09-15 12:56:05,2019-09-15 12:56:05,
1000025,7,13:00:00,23:00:00,2019-02-07 03:20:37,2019-02-07 03:20:37,
1000016,7,08:00:00,20:00:00,2020-01-29 04:55:31,2020-01-29 04:55:31,
1000104,7,00:00:00,13:00:00,2019-02-15 22:30:12,2019-02-15 22:30:12,
1000080,7,01:00:00,14:00:00,2021-02-02 07:52:34,2021-02-02 07:52:34,
1000078,7,04:00:00,18:00:00,2021-08-24 14:44:58,2021-08-24 14:44:58,
1000000,7,04:00:00,23:00:00,2021-07-07 02:51:11,2021-07-07 02:51:11,
1000074,7,11:00:00,23:00:00,2018-02-26 05:46:43,2018-02-26 05:46:43,
1000011,7,00:00:00,15:00:00,2018-06-01 12:14:03,2018-06-01 12:14:03,
1000046,7,04:00:00,16:00:00,2021-11-05 03:05:42,2021-11-05 03:05:42,
1000098,7,08:00:00,22:00:00,2018-12-13 06:25:38,2018-12-13 06:25:38,
1000075,7,09:00:00,23:00:00,2021-06-23 02:06:51,2021-06-23 02:06:51,
1000018,7,06:00:00,21:00:00,2018-05-27 22:40:08,2018-05-27 22:40:08,
1000043,7,04:00:00,20:00:00,2020-10-09 21:16:22,2020-10-09 21:16:22,
1000093,7,10:00:00,23:00:00,2020-08-29 18:21:27,2020-08-29 18:21:27,
1000092,7,06:00:00,20:00:00,2020-01-16 08:53:36,2020-01-16 08:53:36,
1000062,7,04:00:00,16:00:00,2020-07-28 04:41:35,2020-07-28 04:41:35,
1000044,7,04:00:00,22:00:00,2018-07-01 12:51:54,2018-07-01 12:51:54,
1000090,7,10:00:00,22:00:00,2018-03-10 15:04:59,2018-03-10 15:04:59,
1000014,7,05:00:00,23:00:00,2021-08-29 16:36:00,2021-08-29 16:36:00,
1000009,7,12:00:00,23:00:00,2019-09-03 01:39:28,2019-09-03 01:39:28,
1000038,7,00:00:00,17:00:00,2018-06-18 05:56:37,2018-06-18 05:56:37,
1000099,7,10:00:00,23:00:00,2021-12-16 23:10:08,2021-12-16 23:10:08,
1000029,7,07:00:00,23:00:00,2018-12-11 07:50:53,2018-12-11 07:50:53,
1000021,7,12:00:00,23:00:00,2018-10-06 02:59:03,2018-10-06 02:59:03,
1000041,7,06:00:00,23:00:00,2021-09-15 06:25:13,2021-09-15 06:25:13,
1000070,7,06:00:00,23:00:00,2020-09-16 08:24:29,2020-09-16 08:24:29,
1000002,7,10:00:00,22:00:00,2020-07-04 21:12:33,2020-07-04 21:12:33,
1000006,7,12:00:00,23:00:00,2020-10-12 17:41:25,2020-10-12 17:41:25,
1000073,7,07:00:00,23:00:00,2018-09-13 02:01:42,2018-09-13 02:01:42,
1000068,7,02:00:00,15:00:00,2019-10-27 06:11:19,2019-10-27 06:11:19,
1000010,7,11:00:00,23:00:00,2020-09-04 03:18:39,2020-09-04 03:18:39,
1000003,7,09:00:00,23:00:00,2019-09-11 19:28:06,2019-09-11 19:28:06,
1000100,7,07:00:00,22:00:00,2020-06-02 21:00:38,2020-06-02 21:00:38,
1000008,7,11:00:00,23:00:00,2018-02-28 08:37:22,2018-02-28 08:37:22,
1000007,7,11:00:00,23:00:00,2021-11-03 20:36:19,2021-11-03 20:36:19,
1000072,7,07:00:00,19:00:00,2021-12-22 08:14:35,2021-12-22 08:14:35,
1000022,7,06:00:00,18:00:00,2021-10-03 22:00:04,2021-10-03 22:00:04,
1000020,7,07:00:00,20:00:00,2019-03-12 12:16:21,2019-03-12 12:16:21,
1000052,7,05:00:00,20:00:00,2021-04-15 00:35:05,2021-04-15 00:35:05,
1000050,7,12:00:00,23:00:00,2019-01-22 13:53:14,2019-01-22 13:53:14,
1000086,7,10:00:00,23:00:00,2019-11-29 11:13:46,2019-11-29 11:13:46,
1000056,7,03:00:00,17:00:00,2020-09-19 01:28:45,2020-09-19 01:28:45,
1000105,7,02:00:00,15:00:00,2021-09-25 02:34:45,2021-09-25 02:34:45,
1000065,7,08:00:00,23:00:00,2019-12-29 16:12:25,2019-12-29 16:12:25,
1000019,7,03:00:00,19:00:00,2020-07-29 08:49:41,2020-07-29 08:49:41,
1000030,7,06:00:00,23:00:00,2019-09-14 06:55:10,2019-09-14 06:55:10,
1000085,7,06:00:00,23:00:00,2020-09-17 15:31:05,2020-09-17 15:31:05,
1000069,7,12:00:00,23:00:00,2019-08-26 15:35:35,2019-08-26 15:35:35,
1000096,7,08:00:00,23:00:00,2021-07-16 19:19:03,2021-07-16 19:19:03,
1000013,7,12:00:00,23:00:00,2020-01-11 04:12:35,2020-01-11 04:12:35,
1000097,7,01:00:00,16:00:00,2018-08-16 16:47:58,2018-08-16 16:47:58,
1000103,7,06:00:00,23:00:00,2018-12-22 11:51:20,2018-12-22 11:51:20,
1000049,7,02:00:00,16:00:00,2018-12-11 18:35:48,2018-12-11 18:35:48,
1000048,7,10:00:00,23:00:00,2021-07-11 12:54:00,2021-07-11 12:54:00,
1000063,7,10:00:00,23:00:00,2021-04-01 07:34:51,2021-04-01 07:34:51,
1000081,7,12:00:00,23:00:00,2020-05-04 23:18:54,2020-05-04 23:18:54,
1000082,7,11:00:00,23:00:00,2018-05-18 20:35:15,2018-05-18 20:35:15,
1000059,7,11:00:00,23:00:00,2019-10-08 09:11:23,2019-10-08 09:11:23,
1000045,7,11:00:00,23:00:00,2021-08-27 22:05:42,2021-08-27 22:05:42,
1000071,7,05:00:00,17:00:00,2020-02-20 09:07:15,2020-02-20 09:07:15,
1000034,7,12:00:00,23:00:00,2019-10-11 13:50:53,2019-10-11 13:50:53,
1000079,7,11:00:00,23:00:00,2020-10-10 04:10:49,2020-10-10 04:10:49,
1000005,7,09:00:00,23:00:00,2020-12-17 07:55:30,2020-12-17 07:55:30,
1000035,7,00:00:00,14:00:00,2019-04-29 12:10:51,2019-04-29 12:10:51,
